EntityID,fov,volume,center_x,center_y,min_x,min_y,max_x,max_y,anisotropy,transcript_count,perimeter_area_ratio,solidity,cluster
3066494500068100153,,275.3100002925274,6244.634909999128,6900.217789738906,6241.041652898378,6897.962151608659,6248.5452814244,6903.121447249523,1.476008329303615,69,0.7876084922562976,0.944852557804611,cluster_5
3066494500068100157,,514.6116362677669,6254.345079730557,6903.511784386276,6248.516775890455,6900.435083149738,6260.782724327907,6907.549329603495,2.238062005704858,142,0.7017144294256124,0.8720046336078381,cluster_5
3066494500068100161,,992.348053859166,6295.933652349419,6909.040874669116,6289.786518985289,6903.998828486299,6301.971802626455,6914.1783741732215,1.1338260704902263,209,0.3874533025121269,0.9739775444248951,cluster_5
3066494500068100162,,2763.8219400966623,6254.920585620778,6911.499009321313,6241.953783163669,6903.991205952647,6271.004341119059,6920.005959405022,1.8854366104381128,842,0.3142873167219295,0.754603358445675,cluster_5
3066494500068100163,,527.1989156119922,6277.069774550893,6909.677360253509,6272.592116352387,6906.325320329337,6282.406313842819,6913.9011071763525,1.2990324411320433,124,0.5621928899742842,0.9450413936274108,cluster_5
3066494500068100164,,239.4986371294289,6307.474269035584,6909.153232253613,6304.159920188513,6906.5310997364,6311.433627072085,6911.286750594369,1.7803520929359906,56,0.8467216850691469,0.9795161039549882,cluster_5
3066494500068100166,,662.1602892748239,6211.410519424463,6913.887556395698,6205.879937673864,6909.074693623779,6215.818847521978,6918.089418950343,1.2826145954382004,150,0.4806199284236161,0.9847784969092462,cluster_5
3066494500068100170,,176.119702023739,6322.670647869054,6915.764935761514,6319.100584767698,6913.56779940816,6325.612564630794,6918.456546995355,1.3034050258414982,64,1.3028425987316246,0.7143941896617548,cluster_5
3066494500068200196,,391.5022128528117,6280.393761579171,6913.86407315622,6272.063650820044,6909.974555253948,6284.355539979072,6917.699219003245,1.6319019099826697,86,0.8952038653298596,0.5929517629126282,cluster_5
3066494500068300105,,2216.27544582508,6320.11443527417,6905.256552223336,6309.849672638204,6897.624409049475,6330.05747513209,6911.6331674340745,1.4907883040425938,55,0.2794603827459185,0.9375464857301138,cluster_5
3066494500075100003,,354.7785685555544,6106.650597968226,7003.008217151727,6101.776302090602,6998.083939120104,6111.687043411719,7008.7484226197685,4.306974455396362,53,0.9032557839502758,0.8722779405021647,cluster_5
3066494500075100004,,610.0053445084347,6108.709096019729,7006.110416603114,6102.006555718011,6999.914504677934,6113.383538639757,7010.750705893357,2.546176075925535,157,0.6018030661253505,0.9493494769907088,cluster_0
3066494500075100005,,971.444738942398,6117.224537542797,7005.054104287788,6111.6100771531765,6998.895621448694,6122.716470994639,7010.690031829492,1.2957391757979098,293,0.416814825731584,0.9282936172555634,cluster_1
3066494500075100009,,282.4581341798666,6114.570398409086,7012.392714249406,6110.946083065819,7010.376002112191,6118.801265603917,7014.789751351064,1.7912063968051368,57,0.7627991717423467,1.0,cluster_1
3066494500075100012,,469.2832515680192,6091.564377676122,7025.151764236447,6087.048459873399,7018.8230927149525,6095.996328328348,7031.16706288776,3.3402793329520306,123,0.7169565095636112,0.948955098863384,cluster_0
3066494500075100013,,708.5599145574894,6095.32997202,7026.629736140429,6089.059323332937,7019.678161570167,6100.948894470715,7034.02416207221,2.862505939369928,287,0.5836028718097702,0.8807373474074952,cluster_0
3066494500075100020,,817.2279095881827,6080.781129208904,7041.380838568772,6072.293366131526,7034.743147460551,6089.617480276393,7045.7838158766535,3.04211190209675,209,0.5835446428320393,0.8516306223071082,cluster_0
3066494500075100024,,469.5289096147854,6036.000225359931,7062.703006633334,6033.2919295598585,7055.868388269048,6038.382906269523,7068.86263066474,2.866176871640415,96,0.6803841889386754,0.9463250895111194,cluster_5
3066494500075100026,,1853.8877575591723,6028.233071823212,7075.3522119846375,6016.59350667234,7067.746808998638,6036.84722715742,7081.218310421312,1.6150132291724013,342,0.3275177762643915,0.8958647841494874,cluster_5
3066494500075100031,,1599.2021580312985,6012.801378603354,7127.775133881784,6007.5206118951655,7114.1732326409165,6018.7206994808375,7144.555660192784,3.3156534870195538,223,0.5047929193277061,0.7089508406185187,cluster_5
3066494500075200089,,644.3371872012267,6104.953039414388,7014.47985098903,6100.244629508816,7010.375479192485,6110.1986430337165,7018.354385583358,1.296262036384212,267,0.469871517843738,0.9936187340971248,cluster_0
3066494500075200096,,524.0493978105853,6113.828364292567,7018.321364189628,6109.559296331676,7014.444787135235,6118.054243818546,7022.348438539782,1.1356265621808348,46,0.5200489617542282,0.9875720466747516,cluster_5
3066494500075200109,,781.77731994297,6083.754209085716,7033.68762264685,6078.224419418447,7028.734388304925,6088.794587335961,7037.926259558779,1.1737935980803922,202,0.4394146321485564,0.9758650135954337,cluster_0
3066494500075200111,,1416.7192417875362,6072.254259480311,7039.452109868426,6064.7579579410685,7032.083425359708,6080.109049304603,7047.84767497919,1.0451304618418962,348,0.4927406792379577,0.7194705354332578,cluster_0
3066494500075200115,,500.4866605156444,6063.8866721886,7042.510675305084,6059.2507821621375,7038.332332534825,6068.160509881458,7048.216769875466,1.652732277869278,155,0.6291785944694962,0.9065583803975636,cluster_0
3066494500075200117,,1056.439017762361,6056.708882040904,7049.404269612789,6051.18228621715,7041.76813987812,6062.743845512303,7056.853595693141,1.5872159520238525,309,0.4321466795638864,0.9150161103715748,cluster_0
3066494500075200118,,1952.5132621349808,6045.092705509488,7053.172455457475,6036.185936396769,7045.151078160452,6052.967689421586,7061.145492525526,1.0336260213560533,385,0.3128243299051662,0.916521763613638,cluster_5
3066494500075200142,,1841.3588368464705,6025.515774376298,7086.343231657862,6016.567897058936,7080.46412001108,6034.555329280185,7093.093180106942,1.4694548826074256,332,0.2868438561183906,0.9790041598354144,cluster_5
3066494500075200144,,288.48631921942416,6017.143454327671,7092.934268389909,6013.807773247057,7089.968046477898,6020.923138140505,7095.464336820787,1.2860934283865442,39,0.7233308751120361,0.9774174398111976,cluster_5
3066494500075200145,,1522.2541208852442,6019.877098212449,7100.518491831493,6013.379503419416,7092.794723109158,6026.805402747459,7108.532168596898,1.175266726492887,306,0.3369288413726,0.916269843419294,cluster_5
3066494500075200147,,1549.549717878319,6021.306709697601,7113.019456997578,6013.739642086496,7105.787946600023,6027.583396759332,7120.614444981584,1.0512960459187872,118,0.3210111522954298,0.9328656209990324,cluster_5
3066494500075200151,,906.5765189669366,6006.217947109822,7139.452128222314,6000.143769552014,7131.053696567065,6012.459839054538,7144.589202324753,1.2066087331527582,150,0.4938132820512266,0.8545832388029035,cluster_5
3066494500075200154,,2900.324876421888,6005.347741791329,7153.346775719519,5996.792845195689,7142.887075227095,6013.976014776489,7165.605153559432,1.3218912750008829,206,0.250874217795554,0.915593869717822,cluster_5
3066494500075200157,,925.6137411543648,5994.460313597069,7174.7244566078,5989.917496012685,7167.619824243458,5998.935653921128,7181.482943424054,1.6198571764941143,55,0.4146558254290405,0.964845363130004,cluster_5
3066494500076100005,,2087.029369120876,6223.16823178208,6911.585975480972,6215.240976553898,6902.486868658114,6231.060380715421,6920.7725836894415,1.3445596301188545,621,0.2852182812801117,0.909655925284468,cluster_5
3066494500076100008,,179.81825970017195,6232.175864299124,6907.2586896317935,6230.02234464841,6904.490971769332,6234.8964692548925,6909.67192547203,1.2298072252088716,76,0.9308389729657824,1.0,cluster_5
3066494500076100013,,550.5228878868775,6203.962969123241,6913.0910813719365,6198.591780680893,6908.695113072637,6209.704886442216,6917.218893234049,2.153932691241556,165,0.5966229815686622,0.9257145297047532,cluster_5
3066494500076100014,,1422.5502037965234,6238.386639015768,6919.7860482320375,6233.121041373252,6909.316703160785,6244.409364954602,6930.312316508538,1.8616422032037647,495,0.4478498276976427,0.716954631600314,cluster_5
3066494500076100016,,1046.6822482732969,6311.610420862237,6915.294116554839,6303.074473551834,6910.723373687659,6319.112295084123,6920.507144398447,1.9561667266699607,217,0.4106685170006283,0.9497842665004168,cluster_5
3066494500076100018,,2926.364925939122,6256.578456060873,6921.219825468886,6242.053260234759,6912.307145478356,6271.736267315881,6930.347743235487,2.230694326278852,868,0.2967145572812328,0.7760780798147532,cluster_5
3066494500076100019,,462.9917334515819,6274.802858015216,6916.724136285454,6270.24087928768,6912.656811189503,6280.483702874623,6920.768041350082,1.429855532145178,214,0.6537811346552876,0.8908757070578266,cluster_5
3066494500076100021,,1490.0790794500515,6175.619631821784,6927.739385473293,6166.308234611518,6913.794032536449,6183.088711316082,6939.337872961907,3.340764783386502,286,0.4880096499904516,0.7580539446275153,cluster_5
3066494500076100024,,888.7985244332376,6229.69574652231,6923.381688310073,6224.566399734053,6916.178749554574,6234.710366774827,6930.70083817711,1.6148688776211897,277,0.4789667941165843,0.8682148024766407,cluster_5
3066494500076100025,,1670.539353048748,6319.924518888191,6925.410158376295,6310.771390904924,6917.21863044769,6329.115900092614,6931.654084460107,1.088748870953555,349,0.3302140707468485,0.9119526254668144,cluster_5
3066494500076100026,,536.5852155230309,6201.087957659789,6921.560288494342,6196.194945133543,6917.192690674154,6205.323078962732,6927.274746898393,1.5598226462631772,136,0.677355829596724,0.8409486078094763,cluster_5
3066494500076100029,,817.2153174643283,6305.986956628134,6923.054517875155,6299.586688961889,6918.678815712161,6311.670352767543,6928.048731282943,1.2522060365585297,96,0.4261907429631191,0.9698226720941372,cluster_5
3066494500076100035,,1084.456725389476,6355.410158470207,6928.461869818251,6349.732765448359,6923.456524247969,6363.436340785454,6936.099146043436,1.0884801029496032,288,0.4137318717610309,0.8740219259628613,cluster_5
3066494500076100037,,454.9088093475027,6285.374381119779,6928.94490230187,6282.025589147897,6924.108132495286,6289.0844184856105,6933.33929417326,1.279247537003668,129,0.5930572677671906,0.9478240203586484,cluster_5
3066494500076100042,,794.3941824300992,6362.112134744224,6932.545284927581,6355.7804907740665,6927.003124616835,6367.767335934928,6936.950351879594,1.4656489725437591,224,0.4837530897308326,0.9276498994580764,cluster_5
3066494500076100043,,821.4936067300636,6261.955468039397,6930.57581579245,6254.896688749158,6927.218211562002,6271.007621548115,6934.570841046017,2.2630612046344813,171,0.4939784777044028,0.9501543183389264,cluster_5
3066494500076100045,,1069.945223276305,6307.596746855193,6933.822399800841,6301.299636121099,6927.7581972149255,6313.870771484535,6939.623495360092,1.4947593845147524,200,0.3767352849845787,0.9720410254898444,cluster_5
3066494500076100046,,639.009632529115,6371.707074595795,6932.109449523188,6366.12760585883,6927.535581918945,6377.143909403339,6936.904495990885,1.933893806145792,69,0.5281999207492377,0.9489508079981918,cluster_5
3066494500076100050,,1046.195691440039,6270.561094863517,6934.545096576155,6260.8750049793125,6930.01327700424,6277.783286372291,6938.962665691558,1.9864326484246928,314,0.4264418445843821,0.9575067832416136,cluster_5
3066494500076100051,,2140.5252074638324,6242.081452807781,6942.339076971279,6234.042291538816,6930.5852522853575,6250.975665626955,6950.975412792589,1.0932200959215412,827,0.3533591377034847,0.7917198648114737,cluster_5
3066494500076100053,,687.8166714173894,6222.995060378801,6938.926394859119,6216.619783309674,6933.30884423148,6229.197543678463,6942.76217583254,2.04809150622836,189,0.5422986391886945,0.9142701504864336,cluster_5
3066494500076100055,,892.9868363722719,6210.307508060782,6940.252827933617,6204.100548390328,6934.116333905909,6216.551065407015,6946.401553519314,1.0202717506944587,155,0.4456562325940999,0.9019296078492736,cluster_5
3066494500076100056,,520.0947104680075,6341.048845405601,6939.354568096583,6337.422789536806,6934.293075192832,6344.645348988649,6943.736127816549,1.4910517647546002,110,0.5429589672538512,0.9975787111119296,cluster_5
3066494500076100059,,570.2237825351177,6199.965939733222,6940.168608634775,6196.695320293615,6934.811606456782,6203.949736138572,6945.779917050137,1.8191100904182504,182,0.5642201201388083,0.9100675029735744,cluster_5
3066494500076100063,,748.0358573417586,6260.177469103071,6940.159618298399,6253.211867888707,6936.4399289631965,6268.148798573495,6944.268354002279,2.171068037894057,151,0.5039391570753033,0.956012471385134,cluster_5
3066494500076100065,,638.1689678753542,6374.7112971402885,6943.843528750238,6369.700203814585,6938.0487291393565,6379.584281937728,6948.435454405444,1.361216416704493,228,0.5002917203807576,0.9627238176941998,cluster_0
3066494500076100066,,1371.5603870850912,6393.813142770988,6943.0003418307015,6386.561070989207,6936.678898574182,6401.784900711732,6949.997983581712,1.1198291894274932,333,0.3345724353975886,0.9583003733509584,cluster_0
3066494500076100071,,1156.8008542287537,6166.0665222812095,6945.694798091239,6158.291085269913,6939.09706813242,6172.944345379913,6953.135948515635,2.00048102325726,234,0.3995903260627917,0.949454520098482,cluster_5
3066494500076100072,,699.2259558403324,6267.620494021991,6943.156137380465,6259.774594649253,6938.772778527902,6273.277037860721,6946.75044713052,1.8150363056375305,138,0.5128780777900471,0.9323804086244554,cluster_5
3066494500076100074,,664.6059578957116,6305.1348989431945,6944.686323241998,6298.750685164929,6939.434448172542,6310.601740855154,6949.962889172654,2.354614667556009,156,0.53876416838616,0.9796331273753704,cluster_5
3066494500076100076,,1547.1484086302953,6286.46035368194,6949.3488918044095,6276.951693739651,6940.956146126299,6293.616185584972,6955.822206099631,1.2693743139640683,528,0.3563470589501942,0.8703321527788956,cluster_5
3066494500076100081,,1179.9234453945649,6257.079950672133,6948.807714406116,6250.26928285949,6944.058141399556,6266.013982196228,6954.310246271446,1.4787480472590275,296,0.3826121496273179,0.9725576226043652,cluster_5
3066494500076100082,,1727.961099899285,6340.424855238196,6951.297316595823,6331.380836395789,6944.129754638063,6350.354901715809,6960.660656326005,1.6157940790719256,329,0.3624869775855753,0.8115672588604689,cluster_2
3066494500076100083,,306.5520828580645,6321.383265672174,6949.7305395688445,6318.157479726441,6946.110086880664,6325.032700462795,6953.795741272117,2.1372047328840025,33,0.7540484068556675,0.9889856180668224,cluster_5
3066494500076100086,,2317.035598153064,6355.638259026281,6958.200174945144,6341.34851685859,6947.0878427143725,6367.692102428478,6970.457706740317,3.080924188467056,595,0.3632059300934179,0.8194130430424215,cluster_1
3066494500076100094,,751.706223946653,6220.512005782651,6957.367939916171,6215.716151307339,6950.553965533734,6225.208453794806,6963.144088895586,1.319758490017376,150,0.4890408845396238,0.9149459965920168,cluster_5
3066494500076100095,,658.6191633504274,6194.965037024392,6955.144066472618,6190.548748420358,6949.9827760552125,6199.181807362994,6960.562697455116,1.3196044561704543,184,0.4926474222366423,0.9618817697832877,cluster_5
3066494500076100100,,799.8764409101913,6271.807342979776,6955.856503953349,6265.619859009829,6951.426479173706,6277.050565869015,6960.143932198225,1.3118686829643338,222,0.4269951028498343,0.9959382772600592,cluster_5
3066494500076100101,,418.22172801266873,6321.761185979821,6957.800347407544,6317.772713702741,6953.591116408914,6326.192046723802,6961.397539310385,1.077512994705926,121,0.6085695135953527,0.9758767995359106,cluster_2
3066494500076100102,,613.9743873399213,6283.820046880855,6957.391575743595,6277.484046825174,6954.394288461441,6291.754075192548,6960.762640613828,2.644249285104602,217,0.6006411348541304,0.930088375686787,cluster_5
3066494500076100106,,593.0258580653326,6152.923231798176,6959.539233231931,6147.727094213637,6954.877064627508,6158.243416695613,6963.646455216189,1.074386569037333,122,0.530813645513991,0.9303289362058133,cluster_5
3066494500076100107,,568.8841311287251,6215.425554969217,6960.975207218965,6210.525407758179,6955.22959541051,6221.425491403856,6965.616349228982,1.7079125963032908,150,0.665761473289684,0.7771392452579059,cluster_5
3066494500076100108,,928.8016214600004,6285.123667610421,6962.51449144516,6277.700037015378,6956.711602394268,6292.927345424749,6968.804487264419,1.9017283180985665,233,0.5687067527277988,0.7035309351617178,cluster_5
3066494500076100109,,1414.672513183233,6238.266275130583,6965.014116250173,6228.731344659645,6956.776740520676,6247.485199116644,6972.591040704941,1.3149355018218765,427,0.4349737602961169,0.7913912420752045,cluster_5
3066494500076100112,,932.1163792975804,6164.986115956829,6964.309830718134,6156.368340567495,6960.276715911149,6171.684791782316,6969.4184621630575,1.6692229597906978,209,0.4702152877949786,0.8670604801099603,cluster_5
3066494500076100114,,631.5690216258754,6151.579738017304,6966.270332782586,6146.454996385592,6962.212998180066,6156.566363681371,6970.326506419224,1.360488974175199,199,0.4957006262718323,0.9611797725932846,cluster_5
3066494500076100122,,702.2154673745548,6161.376423800481,6970.478018316381,6156.1792786884025,6965.307523966855,6166.38755091424,6975.834360079041,1.2626918719702094,222,0.4781590685628694,0.945479043800262,cluster_5
3066494500076100123,,1307.4174137670998,6171.086356102451,6975.269695851711,6164.702030608313,6966.840993872681,6176.486430104998,6982.402792406597,1.0866062061100346,279,0.3538295466887687,0.9393408657469866,cluster_5
3066494500076100124,,325.773289618102,6138.159428712838,6971.031927217088,6133.593747738214,6967.062950162783,6143.020416366252,6975.020690949963,3.237129670171004,52,0.824807436424737,0.959726976698825,cluster_5
3066494500076100125,,384.6947068114589,6142.899652113419,6971.332851767524,6138.160025065892,6967.061530214089,6147.3359457942615,6975.34277494679,2.350953287884461,117,0.7088924873549757,0.9597448872231004,cluster_5
3066494500076100129,,1037.469789256087,6276.834125889006,6975.530897504469,6271.385423033036,6968.797243960989,6282.48725847756,6981.460586527466,1.2329023525687757,202,0.383287452738013,0.9531526944068526,cluster_5
3066494500076100131,,722.1324466986375,6144.809184577354,6976.940035856935,6138.913395625408,6970.7364487082905,6149.057389862976,6983.461382852563,1.102321841313663,184,0.5148650658083606,0.9095269108306382,cluster_5
3066494500076100132,,256.0956005092984,6239.031532630687,6972.856961481781,6235.10687480987,6970.847621045936,6243.113861165477,6975.256951997691,1.9590748773249929,57,0.8171439157795319,1.0,cluster_5
3066494500076100133,,1399.9320299019544,6243.746201520267,6978.153524501249,6235.6972310947785,6970.406205086709,6249.621312288879,6984.907047346227,1.050580761351302,416,0.3661938448264047,0.9068305103081272,cluster_5
3066494500076100134,,1650.663883368219,6254.056608651425,6981.018317186985,6248.867499179481,6970.286499431698,6261.1519326764255,6990.732640202146,1.7228962741998657,503,0.366274244632208,0.8761569561342561,cluster_5
3066494500076100138,,253.1171171131139,6314.180629143461,6975.718813670254,6311.718491972483,6972.215408098305,6317.093391939221,6978.700365060413,1.407785102502116,87,0.7648367025695626,1.0000000000000002,cluster_2
3066494500076100139,,734.8719273519961,6130.2661439649655,6979.609544699925,6123.467164710936,6973.907756879433,6136.438316316381,6985.540709625766,2.233350067439073,184,0.511107363733886,0.95754608413603,cluster_5
3066494500076100140,,2538.7266725182844,6322.792956085187,6991.747030886013,6314.552198748293,6977.36093799007,6336.96896564212,7002.478092518863,2.024555558533302,810,0.3586739289157128,0.7749601460884111,cluster_1
3066494500076100142,,2166.108232990429,6278.428135315655,6987.070430027095,6267.127696848582,6976.165289419848,6289.258723031647,6996.861115721802,2.196993638901551,380,0.3417313344202358,0.811434824870347,cluster_5
3066494500076100144,,752.9945759615737,6221.700481816965,6981.030491940969,6216.46502140825,6976.140911716853,6226.720570577796,6985.305422749244,1.0189010785065182,168,0.4314023811033101,0.9980965321961348,cluster_5
3066494500076100147,,735.0104915040399,6306.847390489988,6982.741869542172,6302.438013273853,6978.077237533724,6311.388725137702,6988.113733426899,1.121346868700659,140,0.4385368862008333,0.9957373395870536,cluster_2
3066494500076100148,,395.2764638118129,6176.666918896312,6983.267640606681,6172.185974480924,6979.572577797482,6180.803904276817,6986.800472216558,1.3210153962104074,44,0.6270444656729671,0.9865148959717795,cluster_5
3066494500076100149,,453.4038000041206,6166.24228010903,6986.32787264521,6162.609293582711,6981.497206878052,6170.2943944698745,6991.740057631852,2.070545718735854,143,0.6269270325100863,0.9808934797117372,cluster_5
3066494500076100151,,659.348044399382,6133.404266313939,6986.757992373221,6128.202674201552,6981.684271244648,6137.928549650238,6991.534249732031,1.327029550197609,223,0.4694215520060742,0.9952762749266618,cluster_5
3066494500076100153,,730.3337155243164,6298.4584716381405,6989.349767548285,6293.163714199165,6983.751048994973,6304.114097779333,6995.038835182471,1.8130882274155176,248,0.4731239366868731,0.9774908582075666,cluster_2
3066494500076100155,,640.1950009844952,6235.563882000062,6986.506259367436,6225.775392189094,6982.126979258107,6243.565956587264,6990.610142101728,2.3362167206919544,141,0.7401135711869608,0.6732316814432775,cluster_5
3066494500076100156,,130.43957080895356,6216.596060843536,6985.505207733977,6214.738888394039,6983.258295499819,6218.770082712431,6987.571238059971,1.0908569001855877,41,1.0826508859508264,0.9742977619252368,cluster_5
3066494500076100158,,1465.023448878155,6263.897086661417,6990.269509822588,6254.365246573572,6983.653122060943,6274.002369478752,6996.430253206122,2.3376793769523307,225,0.3664814324324364,0.9384719142352922,cluster_5
3066494500076100161,,860.7867075503145,6201.495077870743,6990.98903426661,6195.820064208874,6985.224053076206,6207.246017498283,6996.107155658266,1.6967502076843182,103,0.4305254364280002,0.9824877284134702,cluster_5
3066494500076100163,,348.6973431300115,6159.314309332194,6989.566154601183,6155.613708122639,6986.711770561349,6163.203207861184,6992.411812719227,1.3706690797340182,57,0.6367885548311444,1.0,cluster_5
3066494500076100164,,960.4660181788558,6127.556592977788,6993.496598411422,6121.13945591566,6987.372584811391,6133.744096503156,6998.79250321783,1.217446767008442,254,0.391889956353891,0.9849473360201696,cluster_5
3066494500076100170,,1054.7661483340073,6147.916482128837,6997.336458019287,6141.8209836898095,6990.948588053803,6154.761425856262,7002.464978475277,1.1740150718981386,321,0.3918932406997006,0.9283098401476444,cluster_4
3066494500076100171,,1470.4097387677052,6175.442574920468,6997.296906796167,6167.088363976132,6991.86543230315,6184.08390234471,7003.329985640364,1.6454401698920325,387,0.3311421445738392,0.9664073827045928,cluster_2
3066494500076100173,,1078.8785274334832,6289.799545966913,6999.351895852874,6282.956880318069,6992.772469826891,6296.198198359528,7006.167286931315,1.6214709423657103,311,0.3876130540080184,0.9583058225407266,cluster_2
3066494500076100175,,1930.7061623758127,6235.312028811452,7005.280801229231,6226.051686103957,6994.411121598567,6245.794500762814,7013.079234036331,1.713103014911533,514,0.3495305098574296,0.8086594539186245,cluster_2
3066494500076100176,,568.9671351545336,6239.646986997464,6997.004671459304,6234.394003879508,6993.958597388133,6245.279480138643,7001.54847442272,1.1568744843047074,116,0.5450793143324542,0.9554748656473792,cluster_5
3066494500076100181,,273.4278352626094,6243.228626988059,7001.207484587671,6239.908250134256,6998.078909910198,6246.382904020904,7003.976938303463,1.3955104606525666,33,0.7366179443076948,0.9956616909610811,cluster_5
3066494500076100184,,807.5249511311831,6301.58890797672,7002.618012409817,6296.336686141871,6997.8515400653005,6308.179715649352,7007.000857959894,1.50544458159678,240,0.443582620310642,0.9691914746219776,cluster_1
3066494500076100187,,669.7938258759373,6279.859758693222,7006.5082691572015,6274.138068035849,7001.884732411751,6284.173937113018,7011.226259257046,1.056502314497637,162,0.4833015153567842,0.9616721681222274,cluster_2
3066494500076100190,,588.9500539312655,6136.0503835555655,7006.969220241079,6131.917036475198,7002.648777480068,6140.177447367637,7011.42841808696,1.095741509497328,195,0.4952427240946583,1.0,cluster_1
3066494500076100195,,999.434561361504,6199.03830659988,7010.486470645898,6192.486706720785,7005.102354969973,6205.529331896976,7015.7663378337,1.2573415603841451,290,0.3869424008262024,0.982318974816166,cluster_3
3066494500076100200,,1348.1666730938496,6176.716562856659,7013.874938540664,6168.355624071969,7007.884445575091,6185.8011032031,7019.149150852565,1.6841569085966366,434,0.352402961547022,0.9567575891768304,cluster_1
3066494500076100206,,624.3775847704716,6191.299258921332,7014.312850931253,6185.256235608134,7010.451314421253,6195.91001856434,7018.736195983835,1.438663828630435,174,0.501090077694409,0.9820028732605884,cluster_3
3066494500076100207,,426.3971257690148,6222.4876088228775,7013.865630355255,6217.054227236277,7011.353864842757,6227.676279637029,7016.926283032651,2.0188785918173187,92,0.6474108474497274,0.941391594512912,cluster_5
3066494500076100215,,586.3608686938877,6185.415325597211,7019.189528200229,6180.157874653686,7015.411241019143,6191.316905118805,7022.736659835055,1.5117026914726566,161,0.5204529133705408,0.9731270280861998,cluster_3
3066494500076100216,,592.6390282242969,6253.2657597633,7020.25333112131,6248.809499903369,7015.666735504181,6257.7074335872185,7024.388395983964,1.117862784954122,171,0.4938508902698232,0.9850760964398186,cluster_2
3066494500076100218,,497.6750908145329,6229.400208726937,7023.405291624184,6225.418461524579,7019.265362573988,6233.163429512234,7027.412315640335,1.1692325560132648,61,0.5285912012896561,0.9999999999999998,cluster_2
3066494500076100219,,963.5329239407824,6191.938146004818,7025.146596305347,6185.693997538017,7019.655330304727,6198.525201270488,7030.4558458672855,1.1590400193695187,135,0.4006087206778219,0.9606327551030936,cluster_5
3066494500076100221,,2063.0806996774268,6266.527720698922,7035.160306961923,6259.016885562746,7026.033566196411,6273.266635538699,7045.983364963902,1.417645495999552,153,0.2832369280199888,0.9369265026769852,cluster_5
3066494500076100222,,2315.20117448773,6211.251641251545,7040.11287018905,6201.40065647901,7031.344678168782,6220.082692600454,7048.5159525857125,1.1772681268916407,177,0.2670782506546283,0.94019073584253,cluster_5
3066494500076200017,,1640.7608760067826,6332.749877485644,6918.225029530409,6321.186201465193,6911.90083127541,6342.84742088115,6924.28704396891,2.1309851004999274,285,0.3749474447958323,0.8814392381155063,cluster_5
3066494500076200019,,177.6296181175941,6206.035375941215,6921.77755220566,6203.943017063391,6917.238028950424,6208.2972882895565,6925.876010437918,3.280735627866171,40,1.2569924028560049,0.8082296019207007,cluster_5
3066494500076200021,,573.7948128416899,6212.651036555928,6920.471077173993,6207.007188253826,6917.078068923232,6218.943565932478,6923.843067409705,2.172104119926616,149,0.5534593034747893,0.9697279551100972,cluster_5
3066494500076200028,,796.5737588163375,6214.150576628286,6925.176094041678,6204.0600778071885,6921.1644613303015,6222.184776583516,6928.703338686693,2.859095251091255,169,0.5746554939814663,0.8392719057577928,cluster_5
3066494500076200033,,869.8860910323331,6266.306216728741,6925.819054297028,6257.236046737062,6922.074986998321,6275.029179302736,6930.356313931314,2.509202044119091,253,0.534255188380258,0.8387999756125817,cluster_5
3066494500076200034,,1841.8049184498595,6346.980763530147,6933.692317958296,6340.54478696771,6923.3929636132725,6355.990699414795,6943.876253772553,1.5624834800488585,350,0.3250873479553302,0.8999774913692239,cluster_5
3066494500076200036,,269.7479311423162,6198.562418407595,6928.904366257616,6196.515927342397,6924.180029676765,6202.169058899748,6933.13054229982,1.9515465953892603,71,0.9999232036630415,0.7326764009090252,cluster_5
3066494500076200037,,820.969026905186,6232.601100320745,6932.478906419374,6224.84276411271,6925.20245597258,6236.762658856994,6939.058813335129,1.5688195417078676,217,0.588291185358468,0.7464339148616308,cluster_5
3066494500076200038,,586.0110358603324,6300.633489014856,6928.227112623754,6296.566840296951,6923.668712480403,6305.585829929774,6932.585590300763,1.3159594928632832,108,0.4995154850812674,0.9889505381136888,cluster_5
3066494500076200039,,1235.504386694948,6335.136859566688,6932.244239859131,6329.066532703184,6925.178864672374,6340.859166885958,6940.720320678817,1.3178486261488305,250,0.3693989663632883,0.9479190437995264,cluster_5
3066494500076200040,,666.601364650811,6242.367298604388,6931.288553405444,6236.843417145293,6926.059915905496,6247.261867024322,6936.431721451102,1.2335079010998269,268,0.509818514382064,0.9196726674382176,cluster_5
3066494500076200041,,676.4806310730323,6210.572844659445,6930.477359083719,6204.706729668953,6926.912969596586,6218.703813532094,6935.492809401076,1.9070885367539896,133,0.5563050682377141,0.9195824470996076,cluster_5
3066494500076200045,,192.4507951740148,6204.729516483284,6937.798323064651,6202.102534597112,6933.778845550151,6207.187565583743,6942.094009660905,2.5554709856032325,59,1.1622058406448583,0.7946086187548993,cluster_5
3066494500076200051,,1295.2921968670662,6366.147180579943,6939.39831008832,6356.472681853988,6934.576597126463,6375.045034797101,6944.729927040296,1.8100225895229176,380,0.3904512769186893,0.9398819778311972,cluster_0
3066494500076200052,,624.2601171177905,6177.063021369163,6940.129768799613,6172.965173352297,6934.602520057607,6180.619750243582,6945.20489154848,1.4831900444779769,92,0.5151918017975764,0.952294445878959,cluster_5
3066494500076200053,,1365.7141031157366,6188.340812669777,6943.042975403491,6181.644968302498,6935.329378746092,6193.672230636044,6950.513436340112,1.079141581140137,232,0.3358070595444137,0.9763290682689272,cluster_5
3066494500076200056,,622.0289892961698,6230.727722105345,6940.901782538102,6226.347523447836,6935.182541874251,6234.677058827862,6945.333764602194,1.1833396989229574,197,0.5068728859003709,0.9518658883346016,cluster_5
3066494500076200057,,996.3834975875736,6382.5504316282895,6940.158422800487,6375.011240092194,6935.526368083368,6389.346939151475,6946.732234874089,1.3316078508245297,179,0.4936524024600786,0.7944364106371652,cluster_0
3066494500076200063,,671.7578572847137,6279.714037366556,6945.152320331735,6275.2699967043045,6940.127561284897,6284.929926837731,6949.99036104806,1.0091503667868835,228,0.4696950346202446,0.9819528479949206,cluster_5
3066494500076200064,,631.1042780933886,6352.803105573198,6943.339763221016,6346.710067350057,6938.30657099408,6358.644209966811,6947.70291254122,2.005595743456108,104,0.538138294490587,0.9453061003221112,cluster_4
3066494500076200067,,332.7332612718614,6206.485317158075,6945.548408711985,6201.561662433704,6942.330187310201,6210.938146524599,6949.193478706186,2.3338075278442107,72,0.7908289814357462,0.9075795829565556,cluster_5
3066494500076200071,,1394.1227184072586,6264.652776764392,6952.509779008912,6252.852769744951,6945.149994114523,6275.857623994095,6959.644230306352,3.0416892068079924,352,0.4648274498392667,0.7792418078848999,cluster_5
3066494500076200072,,1948.8093975490856,6385.896872281787,6951.753192366448,6374.633067438573,6944.668473819002,6395.612100766704,6958.69752865496,1.5582391141486869,334,0.320421177201657,0.8647398269995672,cluster_5
3066494500076200073,,932.7251356843992,6213.267147106335,6951.343209216231,6204.986737547168,6947.125943699648,6223.112939320087,6955.96230641114,1.892986319729428,207,0.4936544892174996,0.9112735412261648,cluster_5
3066494500076200075,,932.2498757396938,6246.09279469514,6954.607883409336,6240.928327979784,6947.62204670885,6250.451581704523,6962.951180780143,1.790945647343774,356,0.508572769494876,0.7771180119822845,cluster_5
3066494500076200076,,1092.7483431484152,6328.8961915991695,6952.738442596309,6322.044851257616,6947.413674981333,6334.997683853726,6958.935428073333,1.3047825010819325,217,0.3753425993588276,0.9771898971289312,cluster_2
3066494500076200077,,768.5395211966639,6158.8012117284525,6955.215315572766,6153.729450196997,6949.427540405797,6163.326091954983,6961.584134077262,1.217141273485014,164,0.4457490376354017,0.983671287360676,cluster_5
3066494500076200078,,927.8548135836218,6238.730641681716,6954.704791542657,6233.308397791289,6949.681614723611,6243.789577153375,6960.394538086581,1.082838104364545,259,0.3942488276427757,0.996598821847548,cluster_5
3066494500076200082,,1700.190666124954,6179.166480085555,6958.185853362251,6169.941310689443,6951.40754896241,6187.051959291735,6964.637843780492,1.332793371757214,264,0.3117928223532633,0.9461238427670762,cluster_5
3066494500076200091,,767.5260982916304,6265.707579964433,6961.864448496527,6259.011935924744,6957.743319460602,6273.698791677478,6965.555641867487,2.047776287521004,168,0.4983293752513868,0.9107650125468436,cluster_5
3066494500076200092,,1939.5229290527384,6320.43138446266,6967.811818394701,6312.970994856225,6959.297308652156,6329.213697378994,6978.24548223416,1.523588183325039,521,0.3065646412043818,0.8913573517313794,cluster_2
3066494500076200096,,924.9077403568484,6286.538497521969,6968.78132831627,6279.178597399405,6962.573776879034,6291.975534057883,6974.96506781043,1.0906324396160074,175,0.5190539265591401,0.7467743069599253,cluster_5
3066494500076200097,,1472.687794743823,6307.285691224438,6971.49091528169,6299.548737571137,6962.349850159048,6313.090400299438,6979.137998669423,1.6386507970090562,332,0.3498339729941714,0.925685010690087,cluster_5
3066494500076200098,,570.5598584930439,6228.664968245944,6968.5341095233325,6222.708831384199,6964.916208378096,6235.250727525568,6971.492534662746,1.9971363845486088,97,0.6255838733402802,0.8605605005988219,cluster_5
3066494500076200101,,1025.7613884217187,6186.283876369941,6970.163816881447,6180.44420498932,6964.260842070087,6191.971723735502,6975.695697977764,1.1563332163879894,89,0.3745268089086026,0.973466954075102,cluster_5
3066494500076200102,,1358.4405849738378,6261.805088620072,6969.666110367865,6253.246917981288,6964.259351275001,6271.74501585517,6977.187127948473,2.001484848406041,297,0.3846738333903122,0.9126160815016442,cluster_5
3066494500076200105,,1337.1397303185845,6335.632193729098,6975.590964520985,6326.265246795422,6966.269574185006,6345.825813594725,6986.505968991438,3.950281443720546,430,0.4589010166906267,0.894802696737512,cluster_1
3066494500076200109,,387.15948334612784,6151.374010718712,6972.995537191921,6148.450145845963,6969.5530867512425,6154.903832335001,6977.290260604459,1.1866581599136496,91,0.6347241961602368,0.9870070451410616,cluster_5
3066494500076200112,,689.4680089044547,6265.527123416648,6974.88629533199,6258.444758894036,6970.697994708351,6271.517185806208,6978.725220317232,2.230389621242175,150,0.5204152559127392,0.9492468029381492,cluster_5
3066494500076200113,,1099.716698014876,6153.7019697275255,6979.519677257625,6147.785209245128,6970.841429784552,6159.660594395103,6987.184434448247,1.7952984426973475,290,0.4168933122887521,0.8997568531110496,cluster_5
3066494500076200114,,453.0221846959584,6229.923439313155,6974.144995127586,6224.592284528394,6971.19737425558,6235.391343809138,6976.989643694225,2.299979519356416,89,0.6302989044556432,0.9776113287516084,cluster_5
3066494500076200117,,378.08910422466016,6286.090066953496,6974.753278448044,6280.942905858508,6972.569383873906,6290.43728288192,6977.2935116794015,2.094808798142714,89,0.6715370959591025,1.0000000000000002,cluster_5
3066494500076200119,,882.6800899190914,6139.186685027854,6982.00207397394,6133.209974863421,6974.30643919822,6146.1569883596885,6988.493743178012,1.5274581851247735,269,0.5218699710016504,0.7971906508870771,cluster_5
3066494500076200120,,173.27040557636434,6232.472610750765,6977.500961116239,6229.398470212814,6975.396314193002,6235.320821414688,6979.781534472957,1.3834859115793725,39,0.9629837465766984,1.0,cluster_5
3066494500076200124,,703.7983690107271,6161.98869339021,6980.853486707311,6157.717486357145,6975.442144687297,6167.403109254632,6986.629669995439,1.106797669669804,149,0.4652849729352764,0.9817062371171308,cluster_5
3066494500076200126,,1002.6674277374526,6266.383555730684,6981.490385956196,6259.340870848052,6976.616468362113,6273.307293778742,6986.603229191467,1.6808966908797665,238,0.4050474652166444,0.9470865219755904,cluster_5
3066494500076200133,,535.3225162175581,6232.753568148279,6983.485184678749,6226.378046784683,6980.793162096483,6240.118273541917,6986.284700888309,2.478026970392581,103,0.6846243325932557,0.8787763828058165,cluster_5
3066494500076200136,,760.1314748382184,6121.760123440365,6988.198380061317,6115.334877690279,6982.782002282529,6128.673445066856,6993.081216151359,1.8860105879065905,159,0.5013267184569062,0.9058812822023072,cluster_5
3066494500076200138,,790.7021120295419,6171.743065530619,6988.990351881052,6166.006990285492,6983.158705354301,6176.813007989216,6993.609819414021,1.2419082555946437,274,0.4451559618936312,0.971314646639562,cluster_2
3066494500076200140,,661.6077571471144,6143.020346206349,6989.554962233124,6136.875993172857,6983.947509637699,6148.625715360864,6994.417807948677,1.7132834467693303,169,0.5366113183319509,0.8695223429873254,cluster_5
3066494500076200142,,414.650145616577,6154.057879722314,6988.261831631871,6150.437891991355,6984.136153829712,6157.854140102345,6992.65035363566,1.08074765094777,86,0.6719164501731961,0.8899269555248251,cluster_5
3066494500076200143,,1006.6723973094474,6242.83810798978,6990.100417225738,6234.491659102517,6984.617406848994,6249.581119356254,6994.342705417517,1.9590537593876431,224,0.4293036470151866,0.9516152389796976,cluster_5
3066494500076200146,,573.7558087048161,6228.663633648103,6990.915397898097,6223.81048455952,6986.952007165561,6234.23139038957,6994.805415617084,1.698247290696626,81,0.5195566760820474,0.9944493072254206,cluster_5
3066494500076200148,,705.2833082638892,6249.937209083025,6994.106085294655,6244.996255790559,6988.141154066012,6254.365474083377,6999.51369589171,1.8143161504916976,159,0.4771312571313956,0.9853545779614994,cluster_5
3066494500076200149,,1597.923275272915,6305.534809890626,6995.004446836145,6294.876794316063,6988.06843549071,6312.574824794348,7003.781507584674,1.168260219078758,471,0.3942722366387295,0.7595785154438311,cluster_3
3066494500076200150,,1141.9976833298392,6137.301517780209,6998.062515535858,6129.741120209125,6990.950121648246,6145.1419650321,7004.170263005484,1.3646533118992088,309,0.4387208325645009,0.814489006793035,cluster_4
3066494500076200152,,1672.4639455023705,6159.852625326771,6999.593578357847,6150.585078994708,6992.414848439497,6175.460484043337,7006.112608842015,1.7334144282513946,397,0.4395167035595335,0.7607406735452413,cluster_4
3066494500076200153,,584.0785990738134,6225.756388029812,6996.452520657958,6220.509813572016,6992.418413412941,6231.027216729358,7000.432643564749,1.594574211238783,101,0.5179593244387047,0.9643651017925536,cluster_5
3066494500076200156,,667.5626272227429,6194.840928949018,6998.198898292961,6190.542795009119,6992.999846478301,6198.966010108578,7002.964426806098,1.0654710537340608,95,0.4607991361559182,0.9893627748429878,cluster_5
3066494500076200159,,2536.109841349995,6255.45534271646,7003.260647092568,6239.925820983523,6994.271569701446,6268.920406366471,7015.768236107771,2.373428031473509,403,0.3805918543688231,0.6730883077108623,cluster_5
3066494500076200162,,1225.4190183858002,6126.536666510058,7003.466072572331,6117.983833453631,6997.05910183623,6134.22223914664,7009.72039679503,1.1414000988773074,416,0.4391757632880017,0.7707157058844798,cluster_1
3066494500076200167,,1649.6489342619925,6184.155834974061,7005.301575106582,6173.568913851194,6998.07571161578,6191.996827988582,7011.753337352246,1.3093015970594504,386,0.3371062941915874,0.8903102672857662,cluster_2
3066494500076200168,,1980.776296168065,6145.89252000084,7009.581476747897,6135.911096592384,7001.842400260092,6155.315759961743,7016.516883382432,1.4295218914681724,679,0.3092809826702349,0.9085626374574832,cluster_1
3066494500076200169,,952.7825738280782,6290.358258203464,7007.366770094801,6283.167076372047,7001.183892303739,6296.449373049989,7012.703098163894,1.4035125760017908,289,0.5095484099682638,0.7457938768346365,cluster_3
3066494500076200170,,1705.3500851846234,6164.313053117308,7010.751800942896,6152.104532319527,7004.328162799449,6174.555620130024,7017.210930064717,1.632730361253598,504,0.3492474822920922,0.892304875691199,cluster_1
3066494500076200172,,1271.101309062616,6276.483145421177,7013.615594939985,6270.140380358243,7007.023802632621,6285.456744660725,7019.548135678235,1.3036487840511914,297,0.365459722437738,0.9286296798462784,cluster_2
3066494500076200176,,1817.5531303006728,6126.275753117125,7015.469153968879,6115.655441622611,7009.834175584061,6135.519977194484,7021.146063875656,1.7561314230900371,225,0.3062737622728448,0.950371438382854,cluster_5
3066494500076200183,,1517.0273587339989,6199.596375718048,7031.316340850674,6190.13324775098,7024.19779395182,6207.049216472564,7037.577159958878,1.452745125260735,152,0.3480483808166452,0.9148422289588186,cluster_5
3066494500076300003,,284.9803375516425,6216.929193811641,6906.630486969915,6212.9027096245545,6903.457001958187,6220.801961488358,6909.45886592178,2.1495664429705634,134,0.780936444314806,1.0,cluster_5
3066494500076300004,,390.7923474403034,6243.401817905617,6908.080580042906,6240.016245229359,6903.472305419111,6247.783684089713,6912.846970660588,1.9913774670204487,161,0.7321802138407945,0.8620003235773672,cluster_5
3066494500076300006,,258.00889416122743,6230.865338787712,6914.16255348872,6228.857397690922,6909.944105748831,6232.773802456727,6918.008804167304,2.122354465308588,107,0.8082181080843426,0.9904760450400616,cluster_5
3066494500076300020,,588.967792917983,6293.812408630513,6921.215057833623,6289.370003690936,6917.152854123799,6298.241037967506,6925.37463780841,1.1414628468811,85,0.4818262352447232,0.9973394956606306,cluster_5
3066494500076300022,,378.2538124569728,6274.552384375398,6924.093120837162,6271.108813792882,6919.240830126431,6278.250807732999,6929.548098848671,2.52738414540269,143,0.7414336508379435,0.9149523949154682,cluster_5
3066494500076300023,,189.2771078053001,6225.18362030758,6922.833258802615,6222.946523798704,6919.709727634908,6227.374322697883,6925.518072884406,1.3953926324418828,39,0.8804612519056507,1.0,cluster_5
3066494500076300030,,204.21440757890767,6201.559624937909,6928.435935294815,6199.517369711087,6925.07156852878,6203.62520772121,6931.694045855283,1.5708897176151568,48,0.8805874176190319,0.9759382767375504,cluster_5
3066494500076300036,,658.7213625359855,6216.944678442028,6933.800996015789,6211.383233984839,6928.963398375256,6220.985379223381,6940.43691515396,1.152229715343139,137,0.5567439510627343,0.8596202758129464,cluster_5
3066494500076300043,,223.1093943196948,6279.496997550382,6936.524676531766,6277.423116991067,6932.97671717019,6281.473368939394,6940.398625189191,1.953293123803436,73,0.8854083519278697,0.9505068621913256,cluster_5
3066494500076300045,,375.5298345575008,6254.0922347013975,6936.600116357048,6250.16778416894,6933.928439885945,6258.457252637048,6939.5900653549,1.4671970879554224,105,0.619911719853827,1.0,cluster_5
3066494500076300057,,741.8494814075541,6221.1752207814125,6945.55662779451,6213.74580987526,6942.254233509599,6228.231046344498,6948.804233486835,2.2578591298992645,153,0.5053027264853994,0.9520359088593348,cluster_5
3066494500076300064,,237.04836169109012,6224.513363268018,6952.04100226162,6222.095151162956,6949.248221183345,6226.935845912925,6955.601138462283,1.3439952779704885,35,0.8123424680796265,0.9733772116487144,cluster_5
3066494500076300074,,219.0637731498665,6258.20749428565,6959.841705441621,6255.664626802502,6957.348284988464,6260.778468931561,6962.395624837601,1.008666750064922,41,0.7991742946165344,1.0000000000000004,cluster_5
3066494500076300078,,535.3267221181865,6228.192093061751,6963.336014887101,6222.701525505883,6960.1717426180185,6233.294395478301,6966.942456100259,1.7713750717469077,96,0.5494229760387751,0.9666694643747764,cluster_5
3066494500076300113,,444.35608746200273,6220.597836102235,6989.305822296788,6217.081126815785,6985.1012297202415,6223.804703010044,6993.196835815577,1.0190616025842707,76,0.6018125639698974,0.942427997178274,cluster_5
3066494500076300131,,778.9070368989185,6208.979365720138,7002.222894114324,6203.743007071532,6997.569873741733,6214.016415215888,7007.379897867579,1.3660745030191055,140,0.425046277597795,0.9983387857066972,cluster_2
3066494500076300139,,465.992510949549,6245.92934180871,7007.132836090327,6242.412358380007,7003.165800099011,6250.033682468318,7010.996751791466,1.057119531541349,158,0.5465597217222627,1.0,cluster_2
3066494500076300148,,1508.83146463057,6264.593978102386,7016.528720555935,6256.7710169117645,7009.807527085062,6272.790007904137,7023.328035248698,1.0982592848743205,343,0.3323003627069191,0.9254857769489652,cluster_2
3066494500076300150,,791.6238699492986,6217.199915935097,7019.824077900688,6212.072577243203,7014.694812918591,6223.085599114743,7025.374199071342,1.0882210750752663,147,0.4491389667362772,0.9546294523520064,cluster_2
3066494500077100017,,1901.3082817448608,6459.872913504071,6972.721897358335,6446.451131174143,6961.593870244957,6471.653625240926,6986.145069247929,3.798688440416407,183,0.4205622672843164,0.8035406144148977,cluster_5
3066494500077100020,,1804.101883998828,6483.915090087524,6985.805025367895,6471.765414073912,6979.181955047579,6494.859168699642,6993.272804396522,2.1690853510651738,103,0.3453664968408523,0.8770567610712725,cluster_5
3066494500077100101,,334.6997986222507,6591.126417591515,7188.863843445566,6587.781087429709,7185.781554438112,6594.4300407484025,7192.215936912589,1.216537344331445,35,0.6522964629513522,0.999161681289292,cluster_5
3066494500077200046,,413.2855608088104,6414.166574227579,6945.042194699454,6410.537883414028,6940.190102881632,6417.013709696855,6950.204240602383,1.841797117108832,33,0.7142225416657124,0.8922899286498226,cluster_5
3066494500077200047,,2268.243446466601,6405.384578748862,6949.435732269207,6387.50702276413,6936.026133900249,6417.013709696855,6957.880583566481,1.6113924045530217,473,0.4487939235304847,0.5875010306495001,cluster_0
3066494500077200049,,2332.931529553164,6427.2805080954,6950.22506994652,6416.581729316447,6943.847749821483,6439.456997868696,6956.913303581878,1.8493876124030024,374,0.278008242250697,0.95101177712589,cluster_0
3066494500077200054,,1280.4958823807365,6442.925339099051,6958.264071902891,6435.7040004969485,6950.894587553781,6450.905961703366,6964.2839668545,1.643901858884599,155,0.376321055546242,0.9229701333129676,cluster_5
3066494500077200055,,2313.5865114123526,6426.390229198053,6961.750714920469,6417.121704791956,6953.354412148477,6439.888291272681,6969.354532243962,1.646967239844515,250,0.294538412335255,0.8724406736981104,cluster_5
3066494500077200057,,734.8430644759027,6413.706566424612,6959.704094803839,6409.74234409153,6953.506041118531,6417.013709696855,6965.627778187678,1.667050967739811,86,0.4625966294556151,0.9925867594824208,cluster_5
3066494500077200214,,2054.2435909729634,6569.658567047655,7067.943071198401,6559.999215611797,7056.323119857718,6578.332064927621,7079.349417521402,2.218854415966599,198,0.3342178210840253,0.858653049483308,cluster_5
3066494500077200239,,1820.16523342196,6576.854863675204,7086.822288953283,6570.534026438625,7075.924536118768,6582.564714342455,7098.899121648172,2.247050640139684,230,0.3362301861751922,0.9176975702947964,cluster_5
3066494500077200329,,3611.4296810251135,6583.110438396192,7135.744299017841,6573.919787637833,7116.211170234603,6592.931914009408,7152.376983763716,1.9551185859177684,504,0.2919917034235698,0.7372578346239053,cluster_5
3066494500077200362,,2029.60396988626,6584.000136372401,7158.374249936146,6577.410958355215,7147.416738290473,6590.210051889899,7169.635104007326,1.8689619410524647,357,0.2977970643679267,0.944444489040642,cluster_5
3066494500077200388,,2287.994674960237,6587.704520947235,7177.475482377821,6580.930846814594,7166.287441478686,6593.91491279527,7189.150359007248,1.781368337205776,355,0.2781025258970325,0.9432568589224052,cluster_5
3066494500083100005,,294.8435047880196,5995.704312183816,7194.124865301403,5993.672936897328,7190.08210139841,5998.241820013377,7198.587686207099,2.045297510835975,44,0.7633581720335085,1.0,cluster_5
3066494500083100026,,1144.434961977056,5998.100138197698,7308.496100451548,5990.278586623793,7292.931400221988,6006.349738567467,7323.649276848595,7.140537529469292,98,0.663455259971543,0.7844687836619151,cluster_5
3066494500083100035,,416.636157863072,6036.99831692096,7361.768117246792,6033.078425547331,7357.88652623555,6040.189780251392,7366.035531672896,1.0433728653033925,44,0.5920902948876813,0.9917152240350092,cluster_5
3066494500083200068,,1957.052357638853,5992.539730139745,7208.246278272985,5985.570669140682,7199.421873872505,5999.593056926965,7215.994916211734,1.1848460542735997,197,0.2798786682974776,0.9781682248079844,cluster_5
3066494500083200100,,2256.627375446475,5991.41484625112,7225.664085879877,5984.802277373941,7215.827939300068,5999.101485771015,7237.567662471805,1.5951127314418398,268,0.335151003900599,0.8300840651432166,cluster_5
3066494500083200130,,1984.2303697963653,5988.87828028274,7246.927328712126,5983.798270181878,7232.988025896808,5994.141692974542,7259.051316988975,2.532923009251229,296,0.3401337734940694,0.8967439675959586,cluster_5
3066494500083200143,,3746.5300419467794,5993.367212573232,7276.14352567654,5986.330701264753,7257.885223001639,6002.826685677831,7291.705833734082,2.1290854421503,541,0.2667314821052716,0.8478819296716629,cluster_5
3066494500083200158,,367.580350050228,5995.187227027699,7291.797263703082,5991.624147627122,7287.206243554532,5998.995703372287,7295.883749662125,2.0585397358679924,49,0.6967776319079589,0.9883400907599804,cluster_5
3066494500083200159,,4095.081961736234,6008.223175021433,7305.140571447775,5998.343042839233,7290.213800180215,6015.091403005206,7324.385097343569,2.055047604870059,116,0.2216599097921508,0.9411584562326109,cluster_5
3066494500083200164,,1465.260660067025,6010.432985126028,7330.843262037285,6002.871772304934,7322.050937555612,6015.979782377757,7341.900565549555,2.276035978060773,104,0.3887259048581661,0.8905448084051423,cluster_5
3066494500083200168,,2928.035520742873,6021.358816298864,7349.191477930215,6012.962895531992,7337.2925755909,6031.354124024476,7361.123449146938,1.4156193627618523,357,0.2673568341767096,0.8615472823985029,cluster_5
3066494500083200172,,3000.4002713110626,6028.69468763083,7376.713530317729,6019.427917906891,7356.375490266833,6038.377303692023,7390.949483894127,2.663259815849733,197,0.3036886483804072,0.8009069802161921,cluster_5
3066494500083200187,,722.1961825438989,6037.994111744208,7393.205815075185,6033.240359215274,7388.148838890678,6042.716896057372,7398.856707755132,1.221060472690961,56,0.4655124446671319,0.9498833617372218,cluster_5
3066494500083200190,,1457.119207797084,6048.655942503732,7398.569527159286,6041.384643007566,7390.025578383489,6056.634077341748,7408.719922397066,2.358182709333049,159,0.384410845741454,0.9187391389498828,cluster_5
3066494500083200192,,1701.5815868692423,6065.756103240042,7401.278723735572,6058.830842667195,7390.12522868957,6072.692210708786,7414.467807436258,2.2495653278806738,161,0.3826690886875425,0.8422251051952271,cluster_5
3066494500083200243,,4133.838914505424,6077.199078006111,7428.47444754005,6053.971759439564,7413.439505710759,6094.540355722522,7443.0988364295135,2.7606314540407246,800,0.2957021176752288,0.6864270295217223,cluster_5
3066494500083200250,,1786.295865826205,6081.9808213511415,7419.626508035135,6073.001966825763,7414.391924937987,6092.361244013063,7427.056747319573,1.5425704509006015,68,0.3146098378406181,0.9484865089171404,cluster_5
3066494500083200293,,2207.6912050497685,6098.825792975012,7444.617161486882,6086.876090223261,7436.856670791072,6111.07225642557,7452.069021136096,2.09473194855826,537,0.3061384689250186,0.8954353242267907,cluster_5
3066494500083200300,,685.7693224766937,6113.465853451907,7451.934163026193,6108.38059257558,7446.732746920877,6118.372811373196,7457.309340928032,1.326419093191996,149,0.5018677356026114,0.924970452827614,cluster_5
3066494500084100043,,792.0348316292406,6368.998572097168,7447.61643499059,6360.684151870294,7443.835858048699,6376.64694021817,7451.892801207415,2.0273829993518104,147,0.5016366908211775,0.9145357903109088,cluster_5
3066494500084100049,,741.632474517992,6115.554931645347,7460.388933686132,6108.898637623522,7454.557250770103,6122.455126627927,7465.428879624153,2.1642551221270088,182,0.5545939995708425,0.8777276646167541,cluster_5
3066494500084100050,,575.3461294000848,6349.631657521116,7459.9554606307875,6341.085782198362,7456.18053463202,6358.088061790248,7465.580695888104,2.6008622947718485,159,0.9211547818363004,0.6319928521622379,cluster_5
3066494500084100053,,732.7361592309795,6126.445140418936,7467.376558415579,6118.975632520955,7458.960737542732,6133.643365853857,7474.224680869153,3.287543714486317,197,0.7183493045945143,0.7338319077689374,cluster_5
3066494500084100055,,1146.0753149006382,6375.737371435512,7464.485431716216,6365.732187620026,7459.745940545363,6383.018100138442,7470.9931558409135,1.8400822286468308,395,0.4206759709907132,0.9373728773608522,cluster_5
3066494500084100056,,609.7767715069305,6329.02709020328,7462.397370130056,6322.314476411411,7459.744439941314,6336.4635861389,7465.1442964705475,2.684124627214848,166,0.5934068464559891,0.923245822618814,cluster_5
3066494500084100057,,259.1935676443956,6386.500115426875,7465.128292630906,6382.299535504528,7462.788248508357,6391.505401327042,7467.184864794395,2.273171162676764,93,0.922981783056082,0.8652136143290579,cluster_5
3066494500084100060,,1158.597022297555,6340.615433842324,7469.500716256268,6332.693927866612,7464.071947698407,6347.713441657039,7475.374102364538,1.291679866014984,294,0.3826764918911315,0.9128006067870718,cluster_5
3066494500084100061,,715.3262710618524,6284.762686917339,7469.151295435419,6280.162723550895,7464.676369113826,6289.343128700604,7474.479983570148,1.0843900175605596,156,0.4751352964429745,0.9501489783861384,cluster_5
3066494500084100065,,316.84782437826084,6359.578447979786,7470.625213996159,6355.56356473694,7467.639607631258,6364.938227502977,7473.992438644783,1.009260914749832,78,0.8418278093824229,0.8010401465195964,cluster_5
3066494500084100073,,577.2006599688838,6352.917377883844,7477.862011904858,6347.78997359229,7473.815073556547,6358.187687652801,7481.637326085719,1.583967902957198,115,0.5754144181643438,0.9052477254231708,cluster_5
3066494500084100074,,221.76315062207388,6253.545948325355,7477.330937136204,6251.4683183070365,7473.91881625679,6256.02846017759,7480.115322708316,1.363230020077819,45,0.8287889063661245,1.0,cluster_5
3066494500084100078,,192.8112089446816,6150.17252526327,7478.905769212535,6146.501707380773,7476.1905270323105,6154.091603172994,7481.310350804248,3.0664167366148023,45,1.0538896620716305,0.947861268594372,cluster_5
3066494500084200320,,2103.320766152977,6330.178111945124,7450.089021430673,6318.973044359379,7442.007848237835,6340.235268444814,7456.390032366195,1.8495582865564744,327,0.2952182975760122,0.936442335823896,cluster_5
3066494500084200322,,958.2788714925916,6376.072207924734,7452.706320509909,6369.398592959297,7443.3509048537935,6382.091101045803,7458.546734264328,1.3232642304801805,163,0.5859895609152656,0.6949729519475687,cluster_5
3066494500084200324,,820.5717921224817,6365.732280005104,7453.706094537352,6359.479915412564,7447.783279478213,6371.924430172206,7458.880462896637,1.8598682118593963,151,0.4821720521097966,0.9297713853533452,cluster_5
3066494500084200339,,1099.345057801852,6354.658484711123,7463.490927086436,6346.6575760639935,7456.573017451255,6361.221621072376,7468.183829203883,1.639669359705641,279,0.4201414772274322,0.9001721406746799,cluster_5
3066494500084200343,,543.1334534121567,6341.254228976734,7460.359603655017,6334.884571489893,7457.427018839261,6348.56988121747,7463.40863549423,2.262839109816864,156,0.6285543049418246,0.88907680739663,cluster_5
3066494500084200350,,3385.659062060562,6147.718626893604,7469.655929784176,6131.634821717487,7459.080010019907,6163.205626006436,7479.451955058001,2.594611179973376,619,0.2524320310021721,0.9327783965405774,cluster_5
3066494500084200357,,973.5564626265312,6367.406695137651,7468.175642549468,6359.787933963664,7462.272271117751,6375.824450874285,7474.858256564721,1.6740781639532178,263,0.5156864506619828,0.7994254302653893,cluster_5
3066494500084200359,,788.6107953874351,6309.990281813842,7467.646408715059,6303.594917091376,7463.442659729732,6317.907583359261,7472.646236071529,1.9313999276292888,219,0.4945410901425467,0.9440854506485088,cluster_5
3066494500084200360,,508.64957313908826,6297.759229536496,7467.301737971807,6292.8847719400055,7463.53196204543,6302.76082248421,7470.561365248111,1.3201430522274882,179,0.5601485322298969,0.9609286253753908,cluster_5
3066494500084200361,,540.7579367377596,6294.330216329478,7471.450357362288,6289.117060147026,7466.881423678898,6301.3512331723705,7474.540046831413,1.8749395554843928,165,0.6363785367662541,0.8438951062092155,cluster_5
3066494500084200370,,651.007702969508,6349.423463677724,7473.980797082941,6342.545895866938,7469.421498280397,6357.244856383431,7478.905172393006,1.966292263704084,196,0.6150877738252901,0.77943542396237,cluster_5
3066494500084200372,,494.3688210299505,6368.321034054794,7476.260352223145,6364.165699366001,7471.737548359224,6372.196698183545,7480.241691534043,1.004692957951618,140,0.6050538381082647,0.8851483987745142,cluster_5
3066494500084200378,,846.9015606744686,6337.396538637485,7477.46826962624,6331.893571714758,7472.603721014595,6343.349875701208,7482.09984597234,1.3204252064262971,235,0.4227053499181571,0.9824380223504618,cluster_5
3066494500084200380,,759.4959388420496,6137.7369498744965,7477.65995463903,6130.085173024757,7473.125071759552,6146.785911755634,7480.979680975808,2.631222561226401,155,0.5629619896687834,0.8460334166239524,cluster_5
3066494500084200385,,734.0195075111662,6389.893096559526,7479.571349954719,6382.816824024911,7475.523398163579,6396.041951863811,7483.369976749272,1.8060545131155368,188,0.478383685621548,0.971223377427322,cluster_5
3066494500085100022,,1164.942492522352,6586.990111892308,7195.149268968469,6578.878891000525,7189.859610610245,6593.772637742502,7201.523025711953,1.4119585969426969,100,0.3946948765040824,0.9197360040366984,cluster_5
3066494500085100029,,720.39146102038,6587.500600106904,7206.239198959664,6582.945365465159,7200.68135243006,6591.419291881904,7211.135045335423,1.3234430809736677,90,0.4617369489093761,0.9775607805406156,cluster_5
3066494500085100084,,1722.1307612725896,6520.312080552191,7396.798065388189,6511.752125564195,7389.978293583623,6528.099445046088,7403.621870871673,1.1455689992248823,82,0.2968009208039275,0.9653792673013358,cluster_5
3066494500085100088,,672.8802472979884,6551.842965519163,7401.658880246958,6545.64127184572,7396.074935606584,6557.060029764878,7405.200286312964,1.0712947337585454,201,0.5054201178496013,0.9612274443546356,cluster_5
3066494500085100093,,2993.1451690236813,6502.335883441606,7409.396516587529,6487.642501893511,7400.449604354705,6516.206023288489,7418.057547535634,1.9189665190430312,180,0.2848408706098659,0.8672796213043247,cluster_5
3066494500085100097,,787.165287978225,6559.865350981663,7410.800339675521,6555.721938040032,7405.369845906951,6565.351221706122,7416.716747540417,1.0150864399542232,135,0.4504461604735682,0.9567511424212176,cluster_5
3066494500085100116,,1431.0271680656824,6474.177888950363,7420.310629831925,6466.147974391942,7412.340196141642,6482.907124697451,7428.52144508069,2.0741876251812283,71,0.3743438016239299,0.9200564528644116,cluster_5
3066494500085100121,,1535.5879119326164,6482.922636136567,7421.870496644086,6473.835258270517,7412.125327887132,6489.038815739849,7431.777035143162,1.9855466478659127,112,0.4253317018430121,0.764394573982515,cluster_5
3066494500085100145,,362.6067590312815,6460.353424434549,7445.089043582847,6456.651277672269,7441.348354409347,6463.882080395336,7449.09587164943,1.373907065088929,107,0.6500790134333201,0.9777910350049882,cluster_5
3066494500085100149,,723.4795618517169,6447.78178705017,7458.805328223359,6442.977839825344,7452.530923837894,6452.360256988383,7464.119169592797,1.2598687580417656,197,0.4673947111887774,0.9747436035773864,cluster_5
3066494500085100153,,452.8776635972026,6438.742100127141,7463.213458751719,6432.994237615438,7459.6303946637745,6443.990455126175,7466.17651821566,2.419423404764576,139,0.6480061088263556,0.9592242432815926,cluster_5
3066494500085100162,,1896.752911890216,6410.346442026224,7475.276756479448,6398.770706562023,7467.026528376726,6420.587068916815,7482.34189239138,1.383760826227258,154,0.3429119962985562,0.7386305717505401,cluster_5
3066494500085200103,,857.4463265045702,6582.127430169639,7219.431200041429,6578.105323616721,7210.818676477323,6586.097228459183,7227.154058607571,2.259260268634799,55,0.5166944057751693,0.8552365529649858,cluster_5
3066494500085200226,,1855.4789286864343,6572.955282286,7290.06095794159,6565.110729315215,7280.368828573844,6580.599961924761,7301.070820322363,1.9745825203959928,234,0.3553958862748069,0.8820559546515586,cluster_5
3066494500085200256,,1439.190241896774,6566.78312740076,7308.057039856526,6560.00053070874,7300.772663720692,6573.69238988986,7316.089046094228,1.3597392061626443,124,0.3227168055311579,0.9753363160853394,cluster_5
3066494500085200313,,1298.5740805888686,6559.805501000126,7352.744400297525,6553.684173374374,7344.404505976343,6566.243721320288,7360.531015768392,1.6039237172079892,183,0.355478381108842,0.9512894808131456,cluster_5
3066494500085200337,,1380.3773878371026,6565.828609373277,7372.590593919122,6559.275277892063,7365.482555511486,6572.0154652867,7381.0732152427,1.1923982959009365,132,0.3352807061208965,0.9585253684001612,cluster_5
3066494500085200342,,1396.7481959372935,6558.763255943077,7380.425214828733,6551.566372809899,7372.066004344844,6566.970757587753,7386.27427146068,1.1295132829941574,265,0.3530840856734829,0.919947808423059,cluster_5
3066494500085200362,,3962.6800033894,6559.575681486508,7395.009918261799,6545.828799775099,7380.915140445954,6572.162468425689,7409.350650318196,1.8236604810641373,741,0.2349926997825865,0.8430505615797115,cluster_5
3066494500085200369,,1260.3959278522586,6576.025814332535,7391.9332436234545,6569.658527736639,7385.103247214511,6581.274249346875,7399.691538809247,1.4062791779550228,99,0.355059886191213,0.9675657933857064,cluster_5
3066494500085200377,,988.8979766466626,6544.999457051109,7396.556673730339,6538.804664886422,7390.144806485017,6551.860773405428,7402.213416177381,1.3287256764684257,168,0.4028323480558544,0.950786917231652,cluster_5
3066494500085200385,,1125.326069225073,6546.7606023255485,7407.49262865792,6540.175913156759,7400.827483343908,6556.108362274512,7412.549693875817,1.323475058316535,191,0.5121522640418066,0.7379863985711029,cluster_5
3066494500085200401,,2274.668041697046,6544.250684444448,7421.946547056519,6535.782754753196,7412.125208097953,6554.592935251178,7432.636456136659,1.2198601771047817,251,0.3074926820698314,0.8497554946669077,cluster_5
3066494500085200428,,937.1832612074134,6457.600320746009,7426.918002343642,6451.001803190951,7421.725355136671,6463.336506015443,7432.9546550293235,1.65888660912778,34,0.4142977354021741,0.9591796008011596,cluster_5
3066494500085200438,,1779.3750401192267,6470.322413363131,7435.800840316018,6460.528931566974,7426.904635136349,6479.553881925756,7445.459652343881,2.3308073977316464,279,0.3390893779650876,0.9150857626625428,cluster_5
3066494500085200454,,910.8994653768764,6424.246103980165,7452.089101799648,6419.935718245594,7444.4149768810385,6431.370274186102,7458.403735996262,1.6087733069218435,55,0.4877449098747872,0.8341883341410041,cluster_5
3066494500085200457,,1894.2835759057164,6413.714648822374,7453.350148797173,6406.477212835302,7444.846617579076,6419.821582169505,7462.229326916562,1.3720756965627394,95,0.2949907742498545,0.9709977492428442,cluster_5
3066494500085200458,,542.1053163410852,6454.68385971056,7452.260868605438,6449.603563072006,7446.428983487815,6460.069464973105,7457.850450107249,1.7781437107809168,140,0.6375548120398981,0.8496932695518817,cluster_5
3066494500085200484,,1384.0227368820536,6439.056498627891,7472.03779756338,6432.279154482097,7463.429211072002,6444.768449138048,7480.940003020485,1.2556706389500163,155,0.4366650581729739,0.7874725957842579,cluster_5
3066494500085200486,,998.2610105861276,6410.181529184191,7468.003316883974,6396.775159464096,7464.820305078793,6420.522369032971,7472.46008238578,3.580429857542448,148,0.6090585364287272,0.6983750495108502,cluster_5
3066494500085300013,,924.0382539007298,6552.094935162038,7415.103334797269,6546.65557247993,7408.958506089561,6557.067934362157,7421.055632401922,1.2759631606301227,123,0.398619435968751,0.9890900768584112,cluster_5
3066494500092100026,,371.06884598741215,6291.22843189045,7477.263997723187,6287.50683971636,7474.654235223834,6296.012839170766,7480.962258524973,1.78981125848705,58,0.6743655550837068,0.9642228805460256,cluster_5
3066494500092100030,,684.3630981607547,6282.21833229741,7483.429988473595,6276.8191284448,7479.535046138027,6288.422551511856,7488.884536408677,1.417059447267312,172,0.4895996845980593,0.9816266667169103,cluster_5
3066494500092100031,,1568.3665564765488,6367.672092248796,7487.852202609391,6359.220994225147,7480.271517286053,6374.506586926496,7494.590163998413,1.0054516970422374,538,0.3273158382358014,0.9530517402401378,cluster_5
3066494500092100032,,695.696432001674,6383.341910794858,7484.6173592630785,6378.05233515342,7480.552448198537,6393.444335422037,7489.201004580757,1.8371146880563625,151,0.556381798060814,0.781263209034048,cluster_5
3066494500092100034,,714.7765426032352,6293.796046489706,7486.645066034374,6289.574791217822,7481.721274878559,6298.362537457542,7491.790544541371,1.2501860745434743,184,0.4601037955368294,0.9752161077232652,cluster_5
3066494500092100035,,1371.0847592129398,6167.148622101899,7487.967557183851,6156.3517402782445,7482.017683631933,6178.010827179331,7493.658733296255,2.329030467215539,350,0.3987070229897353,0.918690622912206,cluster_5
3066494500092100039,,1461.5261026578917,6188.030565722898,7490.119122523442,6175.834543939767,7484.8399679276445,6200.225436898377,7495.254302944074,3.4229985983595954,369,0.4111655058259824,0.9460744620355956,cluster_5
3066494500092100040,,822.6331806556788,6205.24521280568,7492.3541082576285,6198.888363333464,7486.27090088409,6212.103997852422,7498.913571259641,1.9265298070693733,174,0.4967989510999592,0.9114624700530628,cluster_5
3066494500092100046,,1595.943514819065,6381.470179026089,7494.693171118249,6373.293778459553,7487.879653673633,6388.929491038573,7501.512198179364,1.1940679684081212,505,0.3039124985871557,0.9779990789564256,cluster_5
3066494500092100050,,814.2690859197464,6305.64351322894,7493.679269778679,6300.326780112331,7488.557045767888,6310.758485576161,7498.489575031124,1.0341305284151856,334,0.415906778582793,0.997196108895726,cluster_5
3066494500092100051,,567.8783372864908,6297.668418348469,7493.103882528659,6293.132986536,7488.662608650134,6301.895349130704,7497.757929303079,1.192724427796648,256,0.5159687684186344,0.967918290977847,cluster_5
3066494500092100053,,209.68091168136132,6263.532240703592,7494.870375612381,6261.068792369682,7491.976265103865,6266.014538398212,7497.778365282154,1.7272710929565926,41,0.8542209968511518,0.9999999999999996,cluster_5
3066494500092100054,,288.7022636150964,6267.906824666012,7495.364553694424,6265.223174378529,7491.605305078483,6270.899582138567,7499.108622530144,1.1215316345570037,61,0.7420040111899936,0.9808828724900872,cluster_5
3066494500092100055,,2260.626982934716,6287.156690726663,7502.210628226297,6279.269365447318,7491.279602072035,6295.510203624958,7511.575440088299,1.2338863730865364,1049,0.2922831619046251,0.8514427867707024,cluster_5
3066494500092100057,,1115.6033142855017,6368.093925670068,7497.562621334474,6359.112454821549,7491.93234594734,6376.648209474365,7502.897984022653,2.304976337836893,363,0.4235991768139762,0.9279647718199048,cluster_5
3066494500092100059,,1140.986919957888,6336.402137905737,7498.243974276091,6330.108865178816,7492.415533158188,6342.8134569718495,7504.537414343866,1.4303031311966354,307,0.3594732946648801,0.9883750902949098,cluster_5
3066494500092100062,,840.5365506733855,6219.986958602333,7500.6705724135745,6212.477040832044,7494.858921354451,6227.858339447792,7506.050676067741,2.785122918161587,243,0.5036076793820956,0.9426356456278016,cluster_5
3066494500092100067,,1227.3224229666382,6305.752356105052,7508.31958399174,6300.112118330148,7499.515174871141,6311.362543726935,7515.506397268617,1.446946872960041,354,0.3878550509507361,0.906432497847356,cluster_5
3066494500092100068,,708.5519732911471,6387.6967070631445,7503.439447558701,6382.542523405586,7498.958775500823,6393.152841712459,7507.795540517835,1.185957815339237,243,0.4517248870582105,0.9900661652868816,cluster_5
3066494500092100070,,1228.2421019510573,6321.873419644618,7507.553568473681,6315.087776174632,7500.586565472157,6327.6292082301625,7514.606982278322,1.1183091404138112,412,0.4079163474389272,0.8589276318651512,cluster_5
3066494500092100074,,263.6473878207373,6263.390234137091,7506.800564401245,6260.805194316759,7502.423795794538,6266.674591391483,7510.809285990854,2.474667634403715,92,0.8728671727710725,0.915353143208958,cluster_5
3066494500092100075,,611.2793251187002,6295.418140097709,7508.1531361821535,6290.375656075435,7503.726403387437,6300.173356668671,7512.482477612246,1.556703273250125,219,0.4997858301466813,0.9895883625056748,cluster_5
3066494500092100076,,674.184283542317,6358.565604215575,7511.596141652391,6349.322987867785,7502.125680028249,6362.794390406216,7516.8749220206,1.3401601587529732,194,0.8184497927262688,0.490671684860615,cluster_5
3066494500092100079,,302.75171066751534,6374.800274592156,7508.0624152291475,6371.635532714655,7505.205994498308,6378.128375168666,7510.819460174152,1.160688769318092,101,0.6777897720033242,1.0,cluster_5
3066494500092100083,,473.579556933523,6259.676503448262,7511.705396253004,6255.784125582846,7507.863310944258,6263.807839327671,7515.902144156694,1.0625751190137545,132,0.5485516218029732,0.9935106152595636,cluster_5
3066494500092100084,,437.26459606054937,6270.051023882795,7511.073643697587,6264.238028423597,7507.911160182073,6275.309606489679,7514.155383185465,2.119661012987194,129,0.654892235058029,0.9646529451318746,cluster_5
3066494500092100086,,1678.467204532428,6280.6138185186,7515.5323944089405,6272.939671884362,7508.242029613802,6288.924289791222,7523.2402561981,1.26598877625299,573,0.3063191463411086,0.953521124178131,cluster_5
3066494500092100087,,421.94598057873424,6380.864928699403,7512.423830553643,6376.295612324467,7509.232960539172,6384.987874940813,7515.740180640182,1.572797243661851,121,0.6137470025694088,0.9601839992297472,cluster_5
3066494500092100088,,596.1367677432894,6295.7626578623,7514.861830757938,6290.775970735638,7510.125564053241,6300.481399504383,7519.658314521277,1.556479030527539,193,0.5179090071627855,0.9757830098692616,cluster_5
3066494500092100091,,903.0796326921368,6264.514743606788,7518.647199217359,6258.795695113351,7512.994647853206,6269.113655460038,7525.201050349629,1.183321787938962,356,0.4170639129685848,0.9760734372256828,cluster_5
3066494500092100095,,429.5331984160469,6378.225533171897,7517.873384831045,6372.686373096456,7514.807450742446,6384.02639574879,7521.187111078399,2.3550618360028173,107,0.6827030984800926,0.9657692409865886,cluster_5
3066494500092100100,,826.1921548861936,6380.754677784591,7521.747967553636,6372.94993819021,7516.133522016734,6388.498714758927,7526.290464985907,2.1532549317802667,257,0.5104566299214178,0.8470233388265617,cluster_5
3066494500092100103,,819.9304188255583,6388.396937981021,7524.296545119729,6382.085856683886,7519.293385927305,6394.445438625546,7529.473525089621,1.6719560458854144,219,0.4416665113464675,0.9613597909298484,cluster_5
3066494500092100106,,652.2063264356316,6262.7355961212215,7526.117805051034,6257.204151533391,7520.89119482246,6269.015667357278,7530.480759982414,2.1419322611038725,126,0.5360562012609468,0.9529826664334504,cluster_5
3066494500092100109,,540.7496804018206,6373.724411063492,7529.075690014614,6369.464421606484,7525.033355406324,6378.367078433614,7533.973906598594,1.2348033722599805,171,0.5607592247807163,0.9181681746684522,cluster_5
3066494500092100110,,558.1151367412288,6295.23112655418,7529.414065657562,6290.764603348705,7525.648524388042,6299.373327168054,7533.282863335816,1.1484137264376255,177,0.501576289622898,0.9961921314845616,cluster_5
3066494500092100114,,837.2290098043829,6356.962520686425,7533.656893992013,6351.268288708167,7528.370367423308,6363.0089250311385,7539.471384600663,1.68486811345688,208,0.4366948573769513,0.9912625426508348,cluster_5
3066494500092100119,,951.321439998812,6323.511029452864,7537.250886449519,6317.546585338641,7532.168692067449,6329.255519086914,7541.8222591856575,1.2471592946809469,315,0.3850703790225402,0.9973144157018796,cluster_5
3066494500092100120,,469.3416000925857,6283.731861361936,7537.558215063704,6280.432204655319,7532.860305810139,6286.853785795881,7542.337711944187,1.6648525396445772,116,0.5774205779750284,0.9797161810179544,cluster_5
3066494500092100121,,972.021578049722,6299.573641347176,7537.057143808662,6293.012749035193,7532.40388078526,6306.565184356335,7542.3622448385795,1.3189957941511783,330,0.3966942334199634,0.9747826001827832,cluster_5
3066494500092100123,,550.8325498920553,6339.518608292789,7540.006879065753,6334.633062334997,7536.430025190077,6344.604847603562,7543.606061047702,1.5478918683871388,111,0.5252768415138171,0.977230728618044,cluster_5
3066494500092100124,,635.1896994991652,6306.240010137636,7543.028503550165,6301.97448492145,7538.499203394352,6311.015047994695,7547.88456899466,1.5628895107464793,208,0.4806389041430005,0.9983266048067536,cluster_5
3066494500092100125,,612.4060723197383,6281.636447698197,7545.4190132375425,6276.498860886442,7539.747664240105,6286.232454583081,7551.264575402505,1.7603153225970785,285,0.5500641724307144,0.940008247574832,cluster_5
3066494500092100126,,514.9601370053176,6383.010212938054,7543.552920901028,6377.780490093137,7540.142445208567,6387.680419372504,7547.257553660507,1.2457905724069385,217,0.5396713253170248,0.9776556156829822,cluster_5
3066494500092100127,,504.90052589429627,6391.104257478562,7545.368362078001,6387.412713766836,7540.51594434463,6395.130379410979,7550.230039072127,1.5019061623155727,153,0.5814512854501964,0.9315982652507244,cluster_5
3066494500092100128,,560.5190229141248,6312.277316932154,7545.196172794827,6307.13507319016,7540.42407814652,6316.900358297813,7548.950069804245,1.6048525556778548,194,0.5374093320625787,0.970749301156988,cluster_5
3066494500092100130,,668.3769847367065,6298.457933472302,7547.002501904229,6293.595553662943,7542.337182550986,6302.879148281947,7551.428401124594,1.023100140851015,244,0.4611106125452542,0.9870869176877536,cluster_5
3066494500092100131,,366.8449456205119,6336.438523154445,7545.426598489561,6332.721688797262,7542.274926402846,6340.197244602354,7548.402461617668,1.2244442058874356,90,0.6282342893095709,0.9961357884710804,cluster_5
3066494500092100134,,450.42062697219706,6358.555716671676,7547.338274636161,6353.297792578664,7543.810090180043,6367.065046059964,7551.917273091553,1.8828341382274432,163,0.940684809627281,0.5594169135022578,cluster_5
3066494500092100135,,494.1446391591491,6378.949248542524,7548.837147946555,6374.665511324809,7545.285789898018,6383.567830678918,7552.934586486997,1.3777988584636824,172,0.5461186781026449,0.9964026803538945,cluster_5
3066494500092100136,,722.4788933146488,6323.609611686362,7551.343352075201,6318.522143826172,7546.488164562144,6328.641693957833,7555.867934308618,1.4215818454232048,242,0.4483135381696015,0.9911183376748564,cluster_5
3066494500092100137,,734.3530565310498,6308.873394821762,7551.979953558904,6302.9076562244745,7548.308128392826,6314.842727340452,7556.00585940698,1.592024268638014,210,0.4692548828612554,0.9613461396351772,cluster_5
3066494500092100138,,561.6242841312593,6385.353936534482,7552.80316723354,6380.293844308791,7548.845701269526,6390.206858857761,7556.700028416257,1.5930474665461525,209,0.5177646432027299,0.9904639711245368,cluster_5
3066494500092100143,,781.2820505468733,6377.492860349701,7558.064658660077,6372.928652517171,7552.365144802005,6382.704272528981,7563.204689542348,1.1284230633396428,258,0.4264819900618811,0.987713079615518,cluster_5
3066494500092100144,,808.3714331390314,6316.5864605072775,7558.854581054869,6309.7212035589055,7554.566922092106,6325.106077759438,7563.503847643091,1.9116110028722595,198,0.4967419568810189,0.912687397245903,cluster_5
3066494500092100152,,370.1364279696163,6311.513075947123,7565.418047080041,6307.64279185096,7562.014218962242,6315.587310830455,7568.583518809305,1.560418512643965,140,0.6450025833572178,0.974219907681737,cluster_5
3066494500092100153,,1069.5217082794293,6343.328927119102,7567.259448540942,6336.540744594332,7562.151554525657,6349.599915564899,7572.575606612202,1.2510849047124222,337,0.3665504133135187,0.9918546287345184,cluster_5
3066494500092100155,,220.6473411296242,6306.227444955979,7566.204384150115,6303.6195352828445,7563.1402209448115,6308.919565855287,7568.926484089448,1.4783230453485312,95,0.818325092038159,0.9999999999999996,cluster_5
3066494500092100156,,469.6614596562628,6329.885199817137,7566.939588429633,6325.063068622452,7563.710238748727,6335.1566637242095,7570.333501660008,1.6526164877641332,116,0.5828682999881712,0.977283802237676,cluster_5
3066494500092100157,,574.7007408429597,6319.864110204703,7569.017747251834,6314.7817705877815,7564.941267664428,6324.24014145483,7573.547580787464,1.3890610157545926,160,0.511522555954608,0.9906664235343028,cluster_5
3066494500092100158,,758.5283016039691,6357.261529509317,7568.79794699468,6350.480766112057,7564.959479920857,6364.348078724047,7573.179152899822,2.186181244888396,193,0.4874043712982138,0.9527654655726988,cluster_5
3066494500092100164,,528.2704870566049,6333.579815938471,7571.693117796569,6328.328985664886,7568.188973020719,6338.774692448091,7574.99373467279,1.4898947419621722,112,0.5563698920947892,0.9557684448393112,cluster_5
3066494500092100165,,667.4642729917042,6360.247969998317,7573.992683378228,6354.587344468223,7569.711353666583,6366.680856031245,7578.158776425207,1.7855806499338376,145,0.5073896208261833,0.9459844071653504,cluster_5
3066494500092100166,,630.0318075746343,6346.62811338777,7575.347274558372,6341.741077919785,7571.54140289399,6351.550259256879,7579.397638095466,1.2623055772799792,194,0.4722178562368418,0.998139169320018,cluster_5
3066494500092100167,,798.6236422408485,6325.36373161801,7575.996448688783,6317.042081769462,7571.961081152431,6333.103239188794,7579.23653042409,2.2863415477304603,275,0.5043076819656527,0.9272378663142316,cluster_5
3066494500092100170,,303.3032359090772,6364.703567737217,7577.581476492762,6360.709722846947,7574.763095628672,6368.184675377461,7580.1612405432115,1.5487294237692668,102,0.7256699846672211,0.972042574621538,cluster_5
3066494500092200022,,2694.6693805010705,6312.842858858241,7477.535356363705,6301.478890359667,7464.064325164701,6322.965594646069,7488.362678047178,1.7889204591386816,738,0.2948479278027515,0.8480608847746406,cluster_5
3066494500092200028,,811.3925626506328,6301.449684334463,7476.113681365247,6295.668847111842,7470.177184871174,6307.244551727206,7481.476925476426,1.5580041341595394,209,0.44799607218073,0.9492617305127838,cluster_5
3066494500092200043,,533.1649879056986,6155.184905876063,7482.718680501516,6148.968996733247,7479.059479178295,6161.395242997034,7486.418927506744,1.7649109496306887,152,0.6668697990878579,0.8667916073391516,cluster_5
3066494500092200050,,602.5801984701254,6286.578884337308,7487.887235419234,6281.681124459526,7482.006387549231,6290.370900420001,7492.251576247298,1.5120443170931777,172,0.5310388809622867,0.960919004617917,cluster_5
3066494500092200053,,3200.5513394616787,6229.119650463217,7492.472656466431,6218.200521163695,7484.065823084211,6240.909146863321,7500.721392696674,1.4542684494531477,695,0.2296978576268815,0.948925058108558,cluster_5
3066494500092200055,,796.1076359187928,6273.694100699855,7488.233895009361,6267.310328491627,7484.043794322863,6279.643948727213,7492.251576247298,1.5690074453966372,241,0.4514769063946584,0.947658491385697,cluster_5
3066494500092200058,,615.0570653258508,6214.399019361373,7494.386307047835,6209.005350584763,7486.889098718928,6218.086744519118,7503.0495776907155,1.8039532954225,144,0.8825374076800274,0.6310484997214604,cluster_5
3066494500092200061,,546.001254756625,6330.163343646338,7494.543969850785,6327.053795476955,7486.9860341955555,6333.749491373274,7502.266875492842,3.383624523144029,80,0.6859353588015402,0.8642651936179481,cluster_5
3066494500092200062,,892.9510528332492,6258.443788413765,7493.925751793883,6252.9684851961165,7488.039688154496,6264.085515685081,7500.00153485931,1.3133458291678746,233,0.4529961294307619,0.8950167097972465,cluster_5
3066494500092200067,,850.7546319041135,6277.103989650531,7494.25799855999,6266.927659881905,7488.040864645438,6285.906911090905,7497.922212383512,2.480274238070812,289,0.6048758141246794,0.7381287544888764,cluster_5
3066494500092200068,,374.59113774397616,6313.074326748627,7495.465177411722,6309.152035160074,7491.299212642554,6317.20730262069,7500.40298339189,2.486777278109366,78,0.7319628857394439,0.9667031852521514,cluster_5
3066494500092200069,,974.9726927295796,6349.758444385232,7496.693346893006,6343.461302718322,7492.015291552744,6356.013100215862,7501.342583016911,1.331565153503226,194,0.3884502466757463,0.9774292479851254,cluster_5
3066494500092200074,,915.2940322858552,6247.037241282528,7499.852041995267,6238.264879493415,7494.225134101577,6255.730150640397,7505.729370804272,1.7366155943369648,193,0.5371908256888059,0.7738160183377791,cluster_5
3066494500092200075,,345.53377896858774,6270.397361862677,7499.891236082258,6266.249320819776,7496.37413064351,6274.12905952956,7503.3681412155,1.1000658410635384,108,0.6751030876329684,0.9600818265579792,cluster_5
3066494500092200076,,579.1989157010859,6300.748724878648,7500.920116711473,6295.969290369008,7497.3339379117715,6305.922194114677,7504.6392931848895,1.2562325358416706,267,0.5030995904101832,0.9935819515493186,cluster_5
3066494500092200077,,457.7473619310037,6260.204974832304,7502.387276439329,6255.613190894492,7497.854983890486,6265.100048166151,7506.868914720841,2.098019479028786,100,0.7329260603706278,0.84419424459953,cluster_5
3066494500092200078,,688.1057077685101,6276.050203233223,7502.871145401158,6271.437324378916,7497.851813959913,6280.582422944951,7507.795540517835,1.362557074809961,225,0.4600792666300736,0.9777869743109486,cluster_5
3066494500092200079,,2000.68392979782,6231.477972890241,7505.9117303654,6218.509532302448,7498.903638373662,6247.602206890446,7511.907054013705,2.3867697641517385,499,0.3644179574270479,0.7630738501962059,cluster_5
3066494500092200081,,354.56302902399085,6312.480818572846,7503.022852247682,6308.486261509465,7500.273285422114,6316.787122094811,7506.292696315706,1.333462047093863,107,0.6550492059404932,0.985417321849669,cluster_5
3066494500092200084,,477.0504171321023,6267.8150735250365,7505.2669652379345,6263.503971063867,7501.236260197948,6272.259064749639,7509.043168838198,1.3384904884844595,161,0.5676967807904686,0.9768894134499784,cluster_5
3066494500092200089,,841.5062289332351,6341.61675690474,7507.128545078921,6334.598721059467,7502.187312261086,6349.863409583428,7512.123048274875,2.199727399952525,151,0.4899371588768381,0.912088380690416,cluster_5
3066494500092200092,,717.7014951763065,6314.076845045741,7510.182843672702,6309.709111397859,7504.207237991708,6317.953164852199,7515.680457057174,1.6443224988699066,255,0.4745912041522925,0.97721058731452,cluster_5
3066494500092200095,,1279.121909241102,6362.200925039526,7518.23551759179,6353.129240130147,7503.971226130523,6367.329469545421,7528.472437489331,2.8460816146684427,230,0.526263034242426,0.6262328196212747,cluster_5
3066494500092200097,,1376.0185083574715,6244.347083442137,7512.554499344626,6235.148480309179,7506.023171611856,6252.001615193617,7519.764237207519,1.2313301740908076,456,0.3516304599860036,0.9449974636248832,cluster_5
3066494500092200098,,309.8496342243743,6253.209354942334,7510.359705808949,6250.26928285949,7507.14894387512,6256.503771408362,7513.615119192387,1.044809506070705,52,0.6859062962737402,0.9812830324825936,cluster_5
3066494500092200100,,457.9907226667426,6389.211696069498,7511.690782017271,6385.26315173689,7507.719233628339,6393.52437385673,7515.290403007448,1.0808659152847986,158,0.5623284909832126,0.9840991971578829,cluster_5
3066494500092200102,,469.7665479696752,6373.457230762934,7514.630727674231,6369.273829628844,7510.496721126828,6377.824720258303,7518.835317509824,1.449485589757552,127,0.5955600560296447,0.959678545183974,cluster_5
3066494500092200107,,849.6798465278841,6271.768349683131,7522.007357358538,6266.357728590069,7514.840526951279,6275.821594166201,7527.993023787723,1.3855670079402729,278,0.4733196802784051,0.8812901025100469,cluster_5
3066494500092200109,,989.2994824270957,6313.713270160632,7520.141688674091,6307.048710713112,7513.565969863543,6318.785281263603,7526.692397279034,1.34064589083094,352,0.4521438537904291,0.8878419011142905,cluster_5
3066494500092200110,,1074.0514247989456,6300.67977155148,7521.68954021203,6294.540032360823,7515.56860718096,6307.043694729813,7527.102696346868,1.115599033231167,368,0.3749774802543424,0.9662176343933362,cluster_5
3066494500092200112,,665.3016774169121,6290.270667489233,7521.639537192924,6285.499275791809,7516.766924890016,6294.566234495147,7526.646701123498,1.3203019475370512,183,0.4778432094762826,0.9669464870874044,cluster_5
3066494500092200114,,613.7559599894317,6252.978841720441,7520.530831389677,6246.141600361638,7516.576765418929,6258.5214433631445,7524.639338265792,1.942272262662584,230,0.5499520269115886,0.9373181795864904,cluster_5
3066494500092200117,,894.1846833912665,6324.811896027326,7524.75798095583,6319.771308962772,7519.816679336469,6330.698497921662,7529.454626518699,1.128216285776812,343,0.4018788195070972,0.9920337598711648,cluster_5
3066494500092200120,,546.1406492801451,6282.090671648883,7527.9668387477295,6277.9160272055815,7524.063754888914,6286.276889014247,7532.724665426462,1.0201956288417706,154,0.5296843987532376,0.9761932583170544,cluster_5
3066494500092200122,,188.53274774014795,6338.513529841332,7527.092879253048,6335.127868053828,7524.786503428599,6341.94307346467,7529.246842477101,2.3849425662695647,44,0.9703977884784276,1.0,cluster_5
3066494500092200128,,456.7752703462512,6287.913946144801,7530.961093568962,6283.983990198873,7526.432517404801,6291.673225991446,7534.871504853421,1.1978128654026092,113,0.5755461843474005,0.9797504821081082,cluster_5
3066494500092200129,,824.0137606963685,6309.982065410491,7531.590990158672,6303.110208919722,7526.009506479264,6315.695318893136,7536.312507250499,1.2607612810100233,297,0.564127400670614,0.7644205546887045,cluster_5
3066494500092200130,,1160.7507689589197,6272.430863919841,7535.9284489243455,6265.677073812412,7528.774984593625,6279.758394566157,7545.844191680959,2.033073570832261,257,0.4485254552235796,0.8540322903588835,cluster_5
3066494500092200131,,568.1259308248435,6380.400402098262,7531.794004553259,6374.060888813331,7528.071567278135,6385.478073135869,7534.99260516874,1.7947153048604791,210,0.5577902129741136,0.9570177765014076,cluster_5
3066494500092200132,,622.8167247668246,6349.123808858852,7532.62129114684,6344.790825376831,7528.322617862574,6353.40270044353,7537.431153221636,1.1593601953385584,159,0.4763414588100838,0.991745527051891,cluster_5
3066494500092200135,,1337.892557933029,6397.365802935369,7536.156213501825,6390.1272208479295,7529.728167466179,6404.702268855236,7543.160948350386,1.2436210331806157,350,0.3628004940268971,0.92594769341281,cluster_5
3066494500092200137,,493.0957597711744,6333.780125583085,7537.038981181707,6330.1748579928,7531.735549303808,6338.322123366037,7542.298224492342,1.612791836670353,178,0.6613743462767169,0.8064958522056649,cluster_5
3066494500092200141,,669.9988432075081,6363.523497791967,7539.605074894737,6353.725788854816,7534.168894221324,6369.4452994570365,7546.140819794672,1.491155595934183,249,0.8417891476782291,0.518015339219446,cluster_5
3066494500092200142,,369.6284441140634,6373.540588691731,7538.389155823881,6370.734382293105,7534.767007752037,6376.755470629165,7542.641473336716,1.3391186615029842,124,0.6295718208443103,1.0000000000000002,cluster_5
3066494500092200154,,1204.827656487222,6339.793131613334,7548.86921944286,6330.457602150716,7543.227750545734,6347.704801389884,7554.09373838213,1.6421183855873005,355,0.4726537658676938,0.7814099395968497,cluster_5
3066494500092200171,,992.3831742723756,6292.7204383632425,7558.659303363792,6284.041290677236,7550.415463776448,6301.07143095655,7566.040312392479,2.814031876825163,254,0.520813914744526,0.820284429903302,cluster_5
3066494500092200172,,784.3398214171176,6297.653515886252,7556.022448985242,6291.321957431677,7550.595861553098,6303.293516431453,7562.42257823922,2.244240128152449,233,0.4852610472693452,0.9741458624519546,cluster_5
3066494500092200173,,1248.7642443727918,6335.29341441232,7558.83308599674,6329.112939398648,7552.079717148736,6342.218279580881,7565.581627914282,1.0776630433770231,401,0.3513788265679292,0.960423897433946,cluster_5
3066494500092200174,,748.0627082892245,6354.325095896705,7559.217745636145,6349.49602430431,7552.941552740247,6363.04499156786,7565.559599152935,1.3206498427229487,254,0.6580496848352969,0.6392474237055743,cluster_5
3066494500092200178,,444.7964334547577,6306.004095967945,7558.69161493554,6302.654141098677,7554.609817763239,6309.563827391915,7563.023068375191,1.2490751914690592,132,0.5837241585692042,0.9783708638824838,cluster_5
3066494500092200180,,1829.0215301570463,6379.548582948679,7567.338642993027,6369.983806958018,7555.419574873573,6390.225394830285,7578.301607709178,2.823667861838036,388,0.3938881726538049,0.8280043129752032,cluster_5
3066494500092200182,,1045.90806834985,6368.197874336735,7561.965884281512,6361.115065239848,7555.557505340428,6373.8080492661,7567.50150855737,1.101655648057614,365,0.4170307010012309,0.8954126400226603,cluster_5
3066494500092200183,,148.17866398592557,6347.251786958846,7557.866939107372,6344.576133260185,7556.085502956485,6349.942259234012,7559.527292074546,1.5734502462917168,54,1.0102950897016136,1.0,cluster_5
3066494500092200184,,564.4016875166236,6322.345060106505,7562.252332088567,6316.800757846824,7557.692908393032,6326.730511503545,7566.126024462836,1.580439355211959,95,0.5306549237370667,0.9744637404757054,cluster_5
3066494500092200195,,653.0732813220852,6312.36510527846,7571.441543859205,6305.062398505574,7566.954323966968,6319.132594026765,7575.07882728908,2.1448559021904505,186,0.5906171961618595,0.8541714516700483,cluster_5
3066494500092200197,,258.48679412531555,6367.682426683141,7570.629072184527,6365.082931688745,7567.965187320798,6370.54233716485,7573.558001605143,1.0758470865136325,38,0.7375924998009189,1.0,cluster_5
3066494500092200203,,381.4133451711356,6336.78190132884,7576.622529138448,6331.935421110892,7574.013026633538,6341.631389894925,7579.732488196478,1.623796472644982,147,0.6560622852802371,0.9853548486244416,cluster_5
3066494500092200204,,174.26684099380782,6369.693722283245,7577.0637630900765,6367.447347297108,7574.319589360666,6371.905130897152,7579.79705546128,1.4443855338875822,36,0.940856497359352,0.980428138515119,cluster_5
3066494500092200208,,787.7601236121982,6349.583951377382,7581.193600764315,6340.445187269594,7577.480922849114,6358.089257360819,7584.671285237684,3.1816706419054874,217,0.5474034443152141,0.9275327998973394,cluster_5
3066494500092300007,,367.4240490752753,6362.39626913108,7474.402581817623,6359.070912022098,7471.024401760154,6365.668290862672,7477.840208318803,1.0347699115844284,48,0.6079500507601887,1.0,cluster_5
3066494500092300041,,1039.3769327334128,6353.914156603743,7508.46518596213,6348.51581129962,7501.211543464491,6359.122557172732,7514.606982278322,1.1062685443760965,262,0.384750214675333,0.9772695291374004,cluster_5
3066494500092300054,,601.247886395851,6341.905534673557,7518.262231552095,6336.960336123048,7514.302201056409,6346.48641619075,7522.592273414592,1.0019065545223136,159,0.4827690878139145,0.9928195754152126,cluster_5
3066494500092300065,,425.68349636663095,6307.994915332043,7526.463800069739,6304.74655945163,7522.712984587899,6311.721296221598,7530.786368478108,1.348420767399276,155,0.622570851700062,0.9375559299686356,cluster_5
3066494500092300074,,296.34174913731056,6341.60983324502,7533.629345855093,6338.981515266614,7530.124906600642,6344.064872128052,7536.982678742731,1.3495212116096145,53,0.6963378107731694,0.9973453744698936,cluster_5
3066494500092300081,,709.2942396689623,6360.6376266286325,7542.49775172733,6355.1524526253215,7538.156138404223,6366.438037799248,7546.87049447403,1.0825240083939125,149,0.4563496916671453,0.9742979477721644,cluster_5
3066494500092300088,,358.7342340913471,6370.767532565703,7547.623237242004,6366.896238355439,7544.593408190907,6374.117628595233,7550.87440758425,1.118687378450147,108,0.6233253343415289,1.0000000000000002,cluster_5
3066494500092300090,,588.5243101273057,6364.707961512831,7551.368975423261,6359.891636889385,7547.241726285471,6369.652927232685,7555.083877486222,1.0835840053530252,137,0.4918063975189323,0.988720006945115,cluster_5
3066494500092300099,,639.8671595416633,6359.6660492150495,7560.167274079553,6355.539804935087,7555.881096331504,6364.503561045314,7564.911616369427,1.028477103287439,125,0.5023812512638969,0.953200880830672,cluster_5
3066494500093100009,,926.6268406330424,6395.032688563205,7470.302320746128,6389.2856877186405,7465.252293601132,6400.31530236717,7475.828389864748,1.0891546921119004,165,0.3883165096708204,0.9931771971709416,cluster_5
3066494500093100011,,1397.1272806365787,6424.7519741262,7471.441146977594,6419.4892014880825,7464.191532465127,6432.863029011722,7481.931457785082,1.9677259369942643,174,0.3818698332514101,0.9160894521943798,cluster_5
3066494500093100020,,931.2387939286356,6401.939716857499,7485.418574577728,6394.45411176456,7479.205952207901,6408.696286915858,7491.69064769029,2.1442152072615657,222,0.4936847834356466,0.8852108327316571,cluster_5
3066494500093100021,,758.3060173647475,6391.674602729008,7488.036982204767,6385.325802491239,7483.50380866994,6397.578512663888,7492.466173638536,1.471534109665415,271,0.4550447278417308,0.9790307268132984,cluster_5
3066494500093100029,,372.1424296355305,6401.166559008701,7500.151760262677,6397.98398147318,7496.375356120199,6404.034115276882,7504.4804597494785,1.2741373985908049,89,0.6326199356663148,1.0,cluster_5
3066494500093100032,,961.7087251045028,6397.773691834622,7507.081344854074,6392.6729336706985,7501.105672201678,6403.760208273727,7512.971384977481,1.115642988618118,325,0.4185217875544307,0.9286471529661132,cluster_5
3066494500093100034,,499.9130752748762,6405.702402474454,7515.70679192851,6402.592935348568,7510.522749136873,6409.161067835409,7521.826269729901,1.89257096804268,104,0.6172969130042535,0.901107132468676,cluster_5
3066494500093100035,,923.819794879076,6398.822834707597,7516.885718119462,6392.056917505409,7511.263207613845,6404.6779380929165,7522.7508290344595,1.0584158906649328,309,0.4577694595078386,0.8620542853269639,cluster_5
3066494500093100036,,814.4222446841551,6397.199266232716,7526.027034213402,6391.858089652864,7520.520128504621,6402.061959519585,7531.17926678539,1.1389638932467463,317,0.4478611736185595,0.9358474294908662,cluster_5
3066494500093100040,,481.1413706754128,6389.196443773753,7531.488667708107,6384.67528999732,7528.328399521043,6394.109648471796,7535.299302948948,1.2531233209620023,175,0.5580176872566812,0.9917522786830194,cluster_5
3066494500093100046,,1156.1743263508756,6393.9970651979165,7552.318405795757,6387.529847035262,7541.973096508118,6400.618024679595,7561.959863063155,3.154500808621851,324,0.4819316875753379,0.8438346580515218,cluster_5
3066494500093200023,,1063.865801452308,6428.5908971331655,7477.819613046029,6419.919047670092,7469.833802542649,6435.094327871446,7484.96645486506,1.910524508941432,287,0.5051362831534053,0.7736807787121566,cluster_5
3066494500093200038,,827.6651738468453,6395.874749267821,7494.629263745809,6391.201946120755,7485.025626470344,6400.362420544552,7501.434568522833,1.8288103333235224,237,0.5952807173499727,0.7299344111965305,cluster_5
3066494500093200039,,376.533241376618,6401.920841399077,7492.732245780679,6398.268043613759,7487.679052064759,6405.175624778781,7497.800727696499,1.551556518193067,129,0.8660120332891444,0.6905711386158936,cluster_5
3066494500093200043,,882.1577743407217,6413.180052297326,7495.498766145131,6408.844440508934,7488.974382336748,6417.617596579737,7503.155744708206,1.6209588514889888,225,0.5064518847125415,0.7952525131391947,cluster_5
3066494500093200045,,402.1394658564184,6407.36306221231,7496.378042843738,6403.716837827917,7492.24834007145,6410.6409976052255,7500.243363910562,1.3485202623278865,113,0.630266841006723,0.9723007118843476,cluster_5
3066494500093200050,,644.0627460962612,6408.258635486309,7504.109212212626,6402.484744560808,7500.00230736173,6414.508356583724,7507.581304870293,1.541767943620331,200,0.5277023346565054,0.9370372422742144,cluster_5
3066494500093200055,,691.6849213810988,6409.287297456095,7511.049516895027,6402.542366953197,7506.6395771432335,6414.294912761335,7516.873920521108,1.237945236026242,161,0.5697744908141932,0.7982551522767317,cluster_5
3066494500093200075,,433.25465674534274,6406.949489360523,7524.24025337276,6402.548863357748,7520.4561247917245,6411.725708877737,7527.9538865308095,1.4394564917572863,37,0.626615495900006,0.9305464974600556,cluster_5
