names,scores,pvals,pvals_adj,cluster
actc1a,1.2360574,0.217008087,0.248288532,CM
atp2a2a,11.908149,7.08E-29,2.90E-28,CM
btg1,16.137602,2.47E-50,2.24E-49,CM
fhl2a,15.891493,4.68E-44,3.13E-43,CM
gata5,7.729222,2.99E-14,7.92E-14,CM
mef2cb,29.777122,1.19E-119,7.57E-118,CM
myh7,9.295898,1.63E-18,5.61E-18,CM
myl7,22.98348,1.73E-76,3.14E-75,CM
rbfox1l,36.58415,7.39E-188,9.39E-186,CM
rbm24a,23.729418,1.83E-83,4.66E-82,CM
smtnl1,16.168726,1.81E-46,1.36E-45,CM
tnfaip6,8.682499,1.48E-16,4.69E-16,CM
tnnc1a,17.193214,8.69E-50,7.36E-49,CM
tnnt2a,23.371609,4.05E-94,1.71E-92,CM
ttn.2,16.267466,2.70E-51,2.86E-50,CM
angptl7,-3.1563542,0.001650109,0.002465458,CM
blf,2.0535636,0.04063846,0.051610844,CM
cdx4,3.8189704,0.000153536,0.000256567,CM
cfl1l,-16.336884,4.62E-53,5.33E-52,CM
clec14a,3.5089393,0.00049817,0.000800856,CM
cthrc1a,-6.4790487,1.43E-10,3.25E-10,CM
egfl6,-3.8750226,0.00011455,0.000193972,CM
epcam,-16.309183,2.30E-53,2.92E-52,CM
etv2,2.2504842,0.024927416,0.032636926,CM
foxd1,-2.9308894,0.00346261,0.004997176,CM
foxi1,-12.916269,2.65E-35,1.29E-34,CM
fsta,-8.388985,1.77E-16,5.49E-16,CM
her15.1,-1.9404323,0.052659059,0.065565691,CM
hes6,-4.68302,3.35E-06,5.91E-06,CM
hoxb9a,-3.2329257,0.001265696,0.001936667,CM
irx1b,-8.227634,6.63E-16,1.96E-15,CM
lmx1bb,-6.9439516,7.21E-12,1.66E-11,CM
meox1,-5.6344604,2.39E-08,4.73E-08,CM
nrp2a,-13.757132,1.37E-39,7.59E-39,CM
otx2b,-5.4529366,6.94E-08,1.34E-07,CM
rac2,-4.880312,1.24E-06,2.25E-06,CM
rarga,-6.4371676,1.87E-10,4.17E-10,CM
rasl11a,-3.6300287,0.000304807,0.000496288,CM
rspo3,-7.3782616,3.30E-13,8.22E-13,CM
yrk,-1.2704216,0.204367184,0.235951204,CM
aplnra,8.943455,2.99E-12,3.80E-11,LPM-1a
cxcl12a,6.4077053,4.04E-08,2.14E-07,LPM-1a
cyp26c1,15.2898445,4.27E-21,1.09E-19,LPM-1a
hey1,2.1505055,0.036050586,0.06732977,LPM-1a
jdp2b,3.1948454,0.002347383,0.006624836,LPM-1a
nkx2.7,8.293976,2.35E-11,2.49E-10,LPM-1a
tbx1,19.24603,2.56E-29,1.62E-27,LPM-1a
cdh5,2.9552257,0.004598344,0.011018674,LPM-1a
dla,-3.1517942,0.002232109,0.006442679,LPM-1a
foxl2a,3.2654724,0.001949213,0.005756977,LPM-1a
hoxb1b,-14.359609,9.00E-33,1.14E-30,LPM-1a
tal1,-2.319057,0.022791589,0.04522706,LPM-1a
cxcl12b,27.865158,2.56E-100,3.25E-99,LPM-1b
efnb2a,14.68487,3.01E-40,1.59E-39,LPM-1b
fthl27,4.8237753,2.01E-06,4.06E-06,LPM-1b
her9,33.04106,3.41E-124,6.18E-123,LPM-1b
sparc,8.886288,2.54E-17,7.88E-17,LPM-1b
stmn1a,1.9017067,0.058092803,0.079331033,LPM-1b
apela,13.920121,1.06E-34,5.18E-34,LPM-1b
apoc1,-8.30573,8.82E-16,2.55E-15,LPM-1b
cd9b,10.490365,9.53E-23,3.67E-22,LPM-1b
cdc42ep4a,9.4331455,4.96E-19,1.66E-18,LPM-1b
cldn7b,31.879276,1.43E-117,2.28E-116,LPM-1b
cldnb,26.997555,3.48E-87,4.02E-86,LPM-1b
elmo1,-4.623909,4.74E-06,9.26E-06,LPM-1b
fermt1,15.2905035,5.87E-41,3.24E-40,LPM-1b
fibina,2.616996,0.009239643,0.01396946,LPM-1b
fli1a,2.0236282,0.043674379,0.061629402,LPM-1b
fn1b,-2.6366453,0.00861405,0.013341272,LPM-1b
kazald2,-2.8923402,0.003983466,0.006403799,LPM-1b
mdka,-6.728796,5.36E-11,1.31E-10,LPM-1b
mdkb,1.869494,0.062288275,0.084155436,LPM-1b
met,16.56904,1.22E-43,7.02E-43,LPM-1b
nova2,2.3473928,0.019413791,0.028339671,LPM-1b
plpp1a,9.786911,3.26E-20,1.18E-19,LPM-1b
pltp,23.387608,7.02E-69,5.94E-68,LPM-1b
sox3,26.07897,5.63E-87,5.96E-86,LPM-1b
twist1b,2.3512065,0.019224319,0.028339671,LPM-1b
zic2a,3.6169882,0.000341223,0.000593634,LPM-1b
bambia,8.655751,8.39E-17,4.63E-16,LPM-2
bmp4,2.903247,0.003860442,0.006809391,LPM-2
bmp6,17.23006,1.45E-52,3.69E-51,LPM-2
ccn1,3.0559428,0.002365978,0.004418811,LPM-2
cdh11,7.2081175,2.47E-12,1.01E-11,LPM-2
fstl1a,8.583736,1.61E-16,7.88E-16,LPM-2
gdf3,2.5816646,0.010102591,0.016662715,LPM-2
hand2,15.432528,8.49E-45,1.54E-43,LPM-2
pdgfra,11.885595,8.27E-29,8.08E-28,LPM-2
pdlim1,2.8347938,0.004772067,0.008189899,LPM-2
podxl,10.781904,5.80E-25,5.26E-24,LPM-2
sfrp5,8.651379,1.04E-16,5.51E-16,LPM-2
twist1a,4.114226,4.72E-05,0.000115271,LPM-2
vox,9.888714,1.10E-20,7.00E-20,LPM-2
colec12,-6.5457277,1.31E-10,4.38E-10,LPM-2
dusp5,-5.814861,8.86E-09,2.81E-08,LPM-2
fli1b,-3.0860562,0.00208517,0.003952486,LPM-2
loxl2a,-1.8646232,0.062706588,0.08751359,LPM-2
nid1b,-5.3803563,1.02E-07,2.87E-07,LPM-2
pfn1,13.632361,1.63E-35,1.88E-34,LPM-2
sox7,-2.9597661,0.0031771,0.005764166,LPM-2
thbs2b,-2.8862338,0.004009521,0.006975467,LPM-2
ackr3b,10.052429,2.57E-19,3.63E-18,LPM-3
aldh1a2,5.460738,1.94E-07,8.80E-07,LPM-3
emp2,2.0281749,0.043840766,0.072308797,LPM-3
her6,12.464545,1.19E-25,2.53E-24,LPM-3
hspb1,3.1862507,0.001709652,0.003877245,LPM-3
irx3a,16.66272,8.79E-42,5.58E-40,LPM-3
marcksl1a,12.795856,5.48E-29,1.74E-27,LPM-3
ndnf,8.316426,4.47E-14,4.73E-13,LPM-3
nkx2.5,11.164948,2.04E-22,3.24E-21,LPM-3
prdm1a,9.274056,1.16E-16,1.47E-15,LPM-3
ptmaa,5.02393,1.23E-06,5.22E-06,LPM-3
rbms2b,4.6793065,5.02E-06,1.82E-05,LPM-3
rdh10a,22.324455,9.68E-51,1.23E-48,LPM-3
serpinh1b,5.582389,7.96E-08,4.21E-07,LPM-3
tmem88a,12.349088,1.27E-24,2.30E-23,LPM-3
fabp3,2.7430384,0.006689722,0.014159911,LPM-3
fzd8b,1.5900023,0.114027064,0.164561785,LPM-3
hoxb3a,2.6116958,0.009899634,0.019342363,LPM-3
hoxb7a,2.632867,0.009289152,0.018433161,LPM-3
kirrel1b,4.0582776,7.91E-05,0.000218447,LPM-3
meis2a,13.250654,6.28E-28,1.60E-26,LPM-3
meis3,17.446245,1.15E-39,4.85E-38,LPM-3
msgn1,2.1599007,0.032271016,0.055384042,LPM-3
pitx3,-4.368329,1.73E-05,5.50E-05,LPM-3
spi1b,-2.2013261,0.028771869,0.050055169,LPM-3
tbx16,2.255896,0.025396855,0.046077152,LPM-3