EntityID,fov,volume,center_x,center_y,min_x,min_y,max_x,max_y,anisotropy,transcript_count,perimeter_area_ratio,solidity,cluster
3068241300084100040,,366.439039225193,4901.487859471635,11208.71039181821,4898.168746269669,11205.49482392235,4905.134372506341,11212.003503766637,1.093821919464348,41,0.6392646402367811,0.983994321870935,cluster_5
3068241300084200116,,1397.8554877791073,4921.801247358329,11152.196493037234,4912.749504509722,11143.539720413915,4927.296235622861,11160.614803250812,1.0884069600861073,314,0.3883156711095906,0.8476268689796845,cluster_5
3068241300084200124,,3827.697001330231,4907.39555613022,11183.016153834296,4894.909926363378,11164.92225950661,4919.194777051958,11204.39885010113,2.393335360854798,708,0.3033956001885332,0.6731940005180312,cluster_5
3068241300084300012,,944.1608892941842,4917.114243323492,11160.023686903052,4910.254686970669,11155.011808425996,4924.486557177039,11165.002164649257,1.7085845176160492,148,0.4274998210777773,0.962542381668402,cluster_5
3068241300085100045,,3902.091984225377,5122.815097042464,11002.28224455378,5107.818779854912,10989.783590911207,5136.833365268677,11013.262122397611,2.095924538344532,986,0.2212145765901279,0.9264222671784972,cluster_5
3068241300085100049,,1754.677537535065,5085.180354282463,11001.555931463738,5075.076052175626,10993.72919536606,5094.457243781748,11013.197007134497,2.2416899403103856,365,0.4116435080840218,0.7966188121733243,cluster_5
3068241300085100052,,1316.114420447357,5191.853119508701,11002.824688719864,5184.347961850344,10995.90778432454,5198.678684701868,11009.8188354947,1.2866535484226844,450,0.344789615303871,0.971863444203259,cluster_5
3068241300085100055,,1644.2545985928375,5151.043789806882,11003.864993638364,5140.159170292274,10998.413485350393,5161.283201265396,11009.678958538883,2.088231279465593,309,0.3505946773067115,0.8965037221698335,cluster_5
3068241300085100060,,798.7091394998761,5091.82771563816,11007.705453544,5080.289243098605,11001.5043318732,5096.754495489301,11014.137652993348,1.948554104212916,253,0.5966268565095341,0.6115907304582785,cluster_5
3068241300085100061,,633.2507773742877,5171.895303138636,11008.946894068167,5166.622645743384,11004.748535520845,5177.685016110767,11012.937012231834,1.8153345409980104,114,0.4982747383033419,0.9868478929567894,cluster_5
3068241300085100062,,922.3450006215342,5181.476628793677,11009.912067737952,5174.361027011903,11005.036943309577,5189.14703501381,11014.988912064897,1.5846733575463563,146,0.4381424928324797,0.9347088732667872,cluster_5
3068241300085100063,,321.44794685381095,5156.439739285687,11009.482165920332,5152.250386188207,11007.328908737012,5160.795764315768,11011.972682043412,1.840320715837423,79,0.7005912235568071,1.0,cluster_5
3068241300085100064,,974.7225765678612,5100.7260717118725,11013.629581552204,5094.266144952357,11007.738708327652,5107.793394851637,11019.74175449245,1.9118424535794225,411,0.4282492948989143,0.9366871442211696,cluster_5
3068241300085100066,,2797.9796785807857,5126.894204640122,11015.849914996084,5115.106134733582,11007.764732442452,5139.791453366235,11024.060469221584,1.8579329558346416,486,0.2416036767949811,0.9727488576318142,cluster_5
3068241300085100069,,593.1297311232665,5096.457239983348,11017.901941566755,5090.252283281371,11013.220685977309,5102.277743373304,11023.068312324453,2.2684316308655363,183,0.6183204210589164,0.82208894806531,cluster_5
3068241300085100070,,1679.142286584747,5190.934094616495,11020.080715427406,5181.295081270654,11013.625423316522,5200.037530445292,11026.551970330947,1.6063049773257745,324,0.3088479592743365,0.969947075115786,cluster_5
3068241300085100078,,2335.5836435738274,5110.772932089473,11026.909088210396,5100.674435643916,11019.346420089372,5121.130562264599,11035.59769327228,1.473593871971491,963,0.2634222123428244,0.9603402352389012,cluster_5
3068241300085100089,,754.3983528743322,5171.7840004282325,11030.612764402073,5163.453227336548,11027.199938699285,5179.407537046976,11034.255033180169,2.4656075978029257,191,0.5319196057958154,0.9394729691414114,cluster_5
3068241300085100090,,1352.6121536610865,5133.770693731692,11034.27427436884,5126.582215478004,11027.76465799768,5143.532005573049,11045.209224069247,1.875694182409747,378,0.4255181371667774,0.8033012272185213,cluster_5
3068241300085100092,,1380.502466138316,5055.993831379142,11034.002017271354,5048.986834534632,11027.758916840668,5062.58448685213,11040.46126197886,1.11560607396071,574,0.3381087189161422,0.9347778160908876,cluster_5
3068241300085100094,,1115.33420185939,5032.81328472507,11037.46525995033,5025.24989860906,11031.293932452938,5040.8126380390295,11043.11060088054,1.6000444761616883,507,0.3979929385889079,0.927202345790809,cluster_5
3068241300085100098,,1058.8824274310844,5193.492671667773,11039.49636363324,5183.687491713078,11032.509130336472,5200.75155699093,11045.443425376636,2.7539475573235355,365,0.4551688129599922,0.918134644309246,cluster_2
3068241300085100101,,893.543692159481,5160.8231454794,11041.232725976848,5155.020655469174,11035.345684493032,5166.192396897275,11046.200112473034,1.1948424694540802,113,0.4035907798803325,0.990069970482563,cluster_5
3068241300085100104,,1828.7067242449696,5071.492312444781,11045.419229912628,5058.256606111087,11038.667562812325,5083.7827769979895,11050.742789415452,2.499851152025231,883,0.3713383700455773,0.8521521161028348,cluster_2
3068241300085100109,,425.37354177026447,5194.057040753621,11046.85318603285,5189.519829960493,11043.119588034431,5198.6436469532655,11049.786449593405,1.4372106366752744,80,0.6256140556407984,0.9383066369415516,cluster_2
3068241300085100110,,550.0261966036774,5093.885465203964,11046.592564840468,5087.401380778972,11043.387502352389,5100.164782212551,11050.201104198202,2.5078121482336964,298,0.6361756349232207,0.8501704566167652,cluster_2
3068241300085100113,,168.21145586191346,5058.22689669671,11047.365673529366,5055.83355200509,11045.146068057657,5060.883776614749,11049.751832361844,1.202975944932476,68,0.9191286972865774,1.0,cluster_1
3068241300085100114,,497.18923183461743,5184.29573393219,11050.383887256829,5180.871093394014,11045.079800551855,5188.108241530763,11055.63470326189,1.2909659671119929,191,0.5692364952362551,0.9641830370411336,cluster_2
3068241300085100118,,809.5596319770736,5103.293183824389,11053.47846344313,5098.591642659856,11048.589391236806,5108.041668767746,11059.05278091729,1.1480006876608186,245,0.4171266399376326,0.9950412558578444,cluster_2
3068241300085100121,,313.8407823673692,5192.606127770315,11051.462082635331,5188.4251248219125,11049.294324826174,5196.65022550753,11054.08412960271,1.7279209739355512,85,0.6994888829293934,1.0,cluster_2
3068241300085100122,,1156.1285307469338,5041.454596545307,11055.812261825336,5033.787614788461,11049.683668290558,5050.636010340501,11060.564707110072,1.6494455467147409,686,0.4278837539761312,0.8830787113118655,cluster_1
3068241300085100125,,459.6959089536333,5200.5636424596605,11053.378909151566,5195.77985430632,11050.114431181377,5204.485203536228,11056.76465997122,1.331120492824996,67,0.5705871284018568,0.9750831024077526,cluster_1
3068241300085100126,,2123.823952624899,5011.988112180637,11059.355412234245,5002.891969880512,11050.090882040951,5023.311869385072,11066.186035527437,1.0923633886993596,768,0.2965947084729628,0.8824122487614602,cluster_0
3068241300085100128,,1022.1265011175236,5029.752444742044,11057.7766657126,5023.210971639854,11052.354424350096,5035.947562294314,11062.832596399245,1.461846600764051,543,0.3835320762002832,0.9840443129651842,cluster_1
3068241300085100131,,907.3424757240582,5151.893487371116,11061.581425884098,5145.69873044029,11056.6901218226,5157.869673586781,11066.179539144963,1.4611504871812346,94,0.3989845381042901,0.9918009329086616,cluster_2
3068241300085100134,,2072.253275554087,4995.957622614979,11068.29897736915,4985.718433485761,11058.41619663724,5006.207144341446,11077.956459408726,1.7973683374745502,639,0.3195594728299032,0.8709194652325838,cluster_0
3068241300085100135,,351.1845727651172,5059.587882042096,11062.906761761958,5054.716740005326,11060.26532998547,5065.194941983134,11065.08708374577,2.431491507983794,123,0.760951975033817,0.9323386042635085,cluster_1
3068241300085100138,,981.8198342305482,5184.083788954725,11065.362198380202,5176.760799759899,11060.690620141588,5191.487652103703,11069.418255005028,1.7735424764690992,137,0.4036095323473741,0.9846381047571744,cluster_5
3068241300085100144,,1481.9192078084052,4943.4328482767605,11122.24661445789,4935.501034400291,11113.31067406891,4950.718769161724,11132.679565842873,2.356228631201811,416,0.3708722332305451,0.9389451847157504,cluster_5
3068241300085100145,,1004.1721641179424,4930.355590325729,11136.5964093159,4923.653884416433,11129.358540642585,4936.5785998423735,11144.002485957197,2.16488591182809,250,0.4341352859365678,0.9538650162755556,cluster_5
3068241300085200053,,1200.470891923773,5102.375563564371,11003.712897937616,5095.978637152066,10997.939863778627,5109.055288825737,11009.496931080028,1.2712585867166677,465,0.3472842760757878,0.9847565191376616,cluster_5
3068241300085200054,,1529.3647297951495,5200.314159540198,11008.037077468736,5192.315324104302,10998.622890498924,5206.583415256735,11016.14428364157,1.4008003923921415,391,0.3433117660100529,0.9037632203012028,cluster_5
3068241300085200056,,744.5073616176048,5166.625134532064,11004.372161657871,5160.6761351831055,11000.95359270313,5174.054176482378,11008.727058671911,1.7488973919760686,125,0.4858919438812211,0.96914192937428,cluster_5
3068241300085200058,,868.0914684254026,5067.487542174509,11008.66873721295,5063.062236148821,11002.782204208344,5072.207547442614,11015.141304728846,1.466943744112026,63,0.4191049634762782,0.9743456368367968,cluster_5
3068241300085200062,,623.6994578587583,5083.705229529664,11009.371329484056,5077.769264559642,11005.82258510269,5088.720751997242,11013.59023042913,1.8252445893752525,153,0.5266109595303115,0.96905708612706,cluster_5
3068241300085200068,,1237.6998107194822,5146.786133238865,11016.36774554278,5139.052716654765,11010.619318801791,5155.066014574746,11021.184834283184,1.5895457816533989,319,0.3651557378598223,0.9435346264859052,cluster_5
3068241300085200069,,711.8037365180118,5171.264099621202,11015.62607111514,5164.793740293902,11011.999053406818,5179.159655112533,11018.990838796388,2.0521802034566194,92,0.5477550178275994,0.880728926348258,cluster_5
3068241300085200072,,2608.0581864875944,5049.159637842847,11022.206587366309,5037.552348945891,11013.384235872218,5061.573397830896,11029.569274745529,1.2480669666151238,865,0.2607536588847524,0.9174645917801858,cluster_2
3068241300085200076,,2771.920488773604,5169.430898018508,11023.291543965504,5153.973562912158,11015.115708253456,5187.729046323902,11032.412044483995,2.252327084349659,797,0.3542889861920147,0.7038079038005736,cluster_5
3068241300085200077,,1207.8242269955217,5146.207313999342,11024.6787366629,5137.263145751736,11020.180393026509,5155.057290059447,11029.88019676642,2.0773315176493083,247,0.3828534451823348,0.970833974845968,cluster_5
3068241300085200078,,809.8711629586495,5092.675430190175,11022.425476035858,5086.475863402372,11017.771973773126,5099.367083935769,11026.526136115592,1.805945366119712,106,0.4409282569638605,0.9926318455942916,cluster_5
3068241300085200080,,1525.8041455350935,5129.515856628642,11026.047173972896,5120.166313409446,11020.206115591012,5139.22405381036,11032.783636721388,2.0268220150665064,219,0.3332997533698761,0.977260280042259,cluster_5
3068241300085200081,,1045.7954269201716,5038.921869697465,11031.265469573164,5028.840657683958,11023.96887153486,5045.57594829785,11038.960554959052,1.0608390518312585,246,0.513185847530734,0.7130366163846539,cluster_5
3068241300085200082,,1425.2071699803928,5085.046836192328,11033.207560392928,5078.481579992031,11026.062564913776,5091.665183673277,11039.937714051412,1.1016284368292222,279,0.3174964407555493,0.9768678590427764,cluster_2
3068241300085200083,,775.8637436819172,5182.791183620656,11029.979454282004,5177.638467065191,11025.148038866222,5188.79197388175,11035.602531641256,1.6405661275204535,127,0.4571660715008566,0.971278842608429,cluster_5
3068241300085200084,,1847.569173104294,5151.720858868437,11032.851783332544,5141.676992705839,11026.779336690865,5162.577914049951,11039.39572060551,2.002224307014587,371,0.2981806963265502,0.980839067863129,cluster_5
3068241300085200087,,897.9375084466421,5191.73442291488,11032.452784516225,5185.837579110134,11027.747534703642,5198.465696275755,11038.88079929204,1.3351959006349547,88,0.4235378465435065,0.9557264980436676,cluster_5
3068241300085200089,,1862.191162892308,5069.577856301824,11035.939057765396,5060.775805464184,11028.50147799441,5078.860552476908,11043.426889109867,1.535312845583309,783,0.2940671602640013,0.9645267461731448,cluster_2
3068241300085200090,,2172.8912719741943,5171.895610339426,11040.06140921326,5160.989315863739,11032.199291706724,5181.609087583858,11048.053847164168,1.3350788935672926,530,0.3370097415601648,0.7693812444305436,cluster_5
3068241300085200091,,717.8467376825491,5045.90536588944,11037.01310173686,5040.957015783663,11031.341032849305,5050.239154748762,11041.665629700305,1.315081228379737,257,0.4594649072950866,0.9818469554979278,cluster_5
3068241300085200092,,1422.4570164409108,5120.358238143722,11037.787248686858,5112.949690877988,11031.215353771668,5127.529977288339,11044.25732420226,1.1402123372143864,479,0.3347363691102183,0.9449083623986002,cluster_5
3068241300085200096,,2288.497617416436,5027.944846640316,11046.628508545637,5018.769908129165,11035.983016892897,5040.491090259471,11055.930947159224,1.015589914474955,878,0.320339957568878,0.8214009986789927,cluster_0
3068241300085200099,,813.685591261684,5138.3249877701965,11043.683768039018,5132.052359744258,11039.437034200257,5144.737695687316,11048.037139684233,1.724271521257129,59,0.4373515776209031,0.9871250336826052,cluster_5
3068241300085200100,,657.6670033271412,5055.591787447577,11043.03612386428,5051.010155199476,11038.761870983726,5061.468156502111,11047.966372624118,1.1117974596604816,341,0.511744842629558,0.9205969067425672,cluster_5
3068241300085200103,,240.78791974745667,5097.533641237084,11042.233136233728,5093.0648171351,11039.872700051135,5101.911929786874,11044.591500713364,2.7904587496729123,67,0.9626129369539776,0.8674651500652697,cluster_2
3068241300085200104,,917.3037174816384,5107.588622870523,11045.13341595609,5102.041955973429,11039.300950799992,5112.282701659276,11051.803126561692,1.3287915196797029,25,0.4050061923720486,0.9804328378353744,cluster_2
3068241300085200105,,1361.7895450123335,5045.21755180174,11046.567296677433,5038.104874120517,11040.287553434006,5052.526005266178,11053.010678704624,1.1384457913177146,667,0.3392931572564181,0.9439427867122406,cluster_4
3068241300085200107,,870.2376929144624,5017.122579800724,11050.758014918643,5011.401157366626,11044.61226023926,5021.76787750909,11056.026908726108,1.1561066931488375,334,0.414834954151603,0.9802168527779463,cluster_0
3068241300085200108,,2390.7166663725566,5088.85306934392,11053.67600892585,5075.576061137395,11046.63191881402,5100.898887940399,11061.103046218612,2.19412151773159,1150,0.2996773148848979,0.9058378259367652,cluster_1
3068241300085200110,,1672.196355717156,5056.252531932906,11055.75307656425,5047.418778973104,11048.050060537253,5064.933840590988,11061.99930286331,1.3346212393129222,1200,0.3508025858519553,0.8577722907446754,cluster_1
3068241300085200116,,1806.0391632585315,5070.083354822374,11057.621137866712,5064.237219365572,11049.668444693352,5079.39458369575,11067.894946675222,1.2043004132224946,963,0.3328964248601204,0.851176472379236,cluster_1
3068241300085200117,,1394.303100155689,5178.554506890717,11057.476276910382,5171.598047333455,11049.993965642252,5186.682854953487,11064.134135694374,1.0354688509740173,331,0.3980058694358557,0.8373874476035073,cluster_5
3068241300085200121,,1567.307284832788,5081.89082694302,11062.661723234707,5072.167901398261,11057.56103687114,5090.99249901942,11068.110936131332,1.866337611296238,726,0.3376399739321857,0.958114469937728,cluster_1
3068241300085200123,,1173.2349002089616,5095.329497005964,11066.281555022138,5089.513347420627,11059.941951434515,5100.679812684896,11073.28156910622,1.146856027175973,462,0.360428452103351,0.9704358213137774,cluster_1
3068241300085200125,,734.7710249715649,5104.5227261167165,11066.523200782,5100.853984845209,11060.697914530909,5108.298566472806,11072.449729754671,1.588154337419974,176,0.4661862892111127,0.9585900624842518,cluster_1
3068241300085200126,,1625.3226987204002,4985.382349016996,11081.792689378575,4976.413513004201,11074.525052212352,4992.636324880357,11088.287223448233,1.0225637125130695,520,0.3184717377381754,0.9368160436611808,cluster_0
3068241300085200127,,1643.5558683158013,4973.4245914574085,11090.940629761157,4965.720438320012,11084.51746226932,4982.466658255775,11098.356902108362,1.256679366439909,688,0.3026250685473544,0.9798086608359458,cluster_0
3068241300085300048,,457.9042088016991,5085.904894746637,11015.370663064605,5080.896499227327,11012.061045030125,5091.229146942778,11018.48336570312,1.850701669368878,74,0.6235344116423421,0.9159563737735557,cluster_5
3068241300085300095,,2568.65206649407,4957.479599853824,11104.65702197094,4944.797922596095,11092.02163023666,4967.958697332988,11115.747993340976,2.681379491795831,1167,0.2947533701371649,0.9383421772435452,cluster_0
3068241300086100094,,1466.8271663248213,5236.830212425318,11002.876403450102,5229.231856598559,10997.044347841656,5244.950206033442,11011.176475304836,1.196441753949674,402,0.3433059465301805,0.9558692817637516,cluster_5
3068241300086100095,,252.3234607171757,5346.109567124296,11001.014379140746,5343.451111020971,10997.884303275992,5348.773099737928,11003.817118903811,1.1238424548540749,58,0.7452598637224009,0.9999999999999996,cluster_5
3068241300086100097,,1498.1109237067626,5223.089786181342,11005.78306492261,5214.575221028392,11000.0283946714,5232.068776473169,11011.68235959196,1.4632253953787266,340,0.3306332911315674,0.9357567159151317,cluster_2
3068241300086100102,,1092.0698604162208,5208.741455153192,11013.57866024417,5202.798578125667,11007.511895230671,5214.5550375945095,11020.039059117102,1.0070266234656091,334,0.3762033473821989,0.9645897698316872,cluster_5
3068241300086100103,,1618.0693430298425,5225.965484672049,11015.148810617236,5217.059160660124,11009.14006578528,5236.001863146536,11022.03066192638,1.3702219597265632,547,0.3244249808640098,0.9408309202298168,cluster_5
3068241300086100106,,1979.057849033725,5237.759798240673,11020.975744489551,5224.40223010139,11014.812106909963,5250.608965290584,11026.328743784636,2.274780891154306,844,0.3344047297669305,0.8943376808798879,cluster_1
3068241300086100108,,1152.9717789812062,5209.288937889144,11023.448180648193,5202.4795149956135,11016.882707121707,5215.201176468886,11030.381133253792,1.2227590873678875,304,0.3699168578523596,0.982330683715359,cluster_2
3068241300086100109,,4259.058647977099,5221.492463650721,11033.537565223804,5209.715339140223,11016.407001546731,5233.526799172798,11048.77927417619,1.4412532949736812,2290,0.2432196811508793,0.8188973408688087,cluster_1
3068241300086100110,,1035.9512470553464,5238.805289834608,11030.63103036242,5229.601413720941,11024.741894169538,5246.630062474265,11036.227412318316,2.440203669484515,412,0.4465714895832836,0.9338808571498745,cluster_1
3068241300086100117,,1020.6773033075868,5326.379047058296,11099.071512926255,5320.1131896394445,11093.730293740127,5332.375824522584,11104.181175301976,1.1258227296718146,63,0.3666854511216012,0.997297983059992,cluster_5
3068241300086100118,,704.44286980041,5247.113827215014,11136.312489570217,5242.493674183542,11131.758445591577,5251.910284257772,11141.171152369989,1.2643844004742668,68,0.4451375916815808,0.9936850055076818,cluster_5
3068241300086100119,,794.0760212836485,5228.627633533809,11150.327531969377,5223.862995303562,11145.156015951596,5233.532189617235,11155.376170112302,1.006199105013501,36,0.4141892598649384,1.0,cluster_5
3068241300086100120,,2202.6737520533075,5420.431831380237,11175.896110872884,5410.616292033394,11168.800718722896,5431.978348397753,11185.259446128795,1.5365146118194737,306,0.288342002791196,0.9018015223040248,cluster_5
3068241300086200100,,1080.482696245636,5209.200157995002,11001.265115008457,5203.433358457925,10995.449488650873,5214.859019372507,11007.563041744712,1.18819964863355,234,0.3652031150972599,0.9857512416491448,cluster_5
3068241300086200104,,2311.64984918697,5253.6907382272775,11010.050073216633,5243.321527823199,11001.832554510327,5263.860056353255,11017.8730520882,1.6146864227554794,535,0.2754329898418541,0.9650200675200122,cluster_4
3068241300086200108,,324.85564357079096,5240.101174396524,11012.66160809675,5236.904679839048,11008.866669145333,5243.160869891372,11016.71831229398,1.7947797246165342,49,0.7102438364071355,0.9778801636746552,cluster_1
3068241300086200114,,502.1209275782364,5231.754944698586,11028.345602141007,5227.596400131586,11025.479645414523,5237.558936532385,11032.376063281828,1.4436483583690465,264,0.5926232923692777,0.9553514341318968,cluster_1
3068241300086200119,,2523.5414460443453,5211.266002845155,11046.894181714162,5202.403080333309,11037.193553103987,5218.973131192047,11059.59689219094,1.406361848188844,397,0.2542898775849077,0.9340441792723344,cluster_1
3068241300087100033,,1763.1898670487008,5563.431461984694,11035.231385357522,5555.508813437112,11028.503497800031,5571.789134184763,11042.419572991072,1.2109283620803808,480,0.2842348846095517,0.9900118821533338,cluster_5
3068241300087100034,,1758.1572576881656,5578.665319503032,11038.67548268077,5571.919069206726,11030.249625300205,5586.10139959663,11046.199388473027,1.1314176831736826,480,0.285047125552426,0.99511880678244,cluster_5
3068241300087100057,,548.318898100958,5504.638153093766,11203.379439648372,5502.172231432776,11197.025051562592,5507.032113320945,11209.796995570385,2.6208411894869306,102,0.5972753905494814,0.961529385635826,cluster_5
3068241300087200032,,2067.966302854402,5492.525991730056,11020.273140006817,5482.667281530687,11014.140198968636,5503.18718464454,11027.051751175208,1.595085279040128,310,0.2767418292692151,0.9642679832001044,cluster_2
3068241300087200056,,2571.0857822833123,5503.790425117661,11185.398208153189,5496.148446178356,11174.09479712649,5511.327940570684,11198.323233852085,1.8447699342857136,336,0.2674413972283513,0.9399413662705248,cluster_5
3068241300087200059,,1020.2934526493116,5500.565187761234,11213.090315583457,5494.99652168403,11206.71301094351,5506.936065657547,11217.918628445865,1.0505152795740655,66,0.3854848442071115,0.971842979779014,cluster_5
3068241300093100042,,2628.4964335287505,4885.372755786545,11272.819357914565,4878.700799322125,11252.8080250639,4891.496552278591,11291.51251851204,3.362143074772569,233,0.4100006077300192,0.6443098180224667,cluster_5
3068241300093100054,,1350.506915102534,4882.488220714914,11380.506978131843,4876.218631823369,11373.621964572028,4889.064357259392,11388.494340238649,1.1842314126542144,86,0.3630640996375727,0.9248691010406296,cluster_5
3068241300093100122,,451.67967041998224,4921.7382381307225,11428.208273305869,4917.901502102953,11424.619314262594,4926.138817588164,11432.547128873592,1.4368435589025368,56,0.6151836374210716,0.941268082491351,cluster_5
3068241300093200064,,1130.9165290619226,4895.186383504072,11214.071638299389,4890.458478173,11203.125370005351,4898.955761930164,11222.318657370426,2.296319555400788,170,0.4473331085154916,0.8845976913735802,cluster_5
3068241300093200093,,2318.412314968359,4887.887389087472,11228.159216355489,4879.783357621112,11216.322774697044,4896.796369900775,11238.171065540011,1.20600317094285,126,0.2816304675026033,0.8890925658882814,cluster_5
3068241300093200152,,2146.344352970761,4886.159977538387,11247.02049296472,4879.027375994063,11237.018488123063,4892.933202558195,11258.518149812378,1.6127172897779758,145,0.3022423522832321,0.874530783899174,cluster_5
3068241300093200155,,2178.023033260942,4897.414849709072,11250.27094346387,4890.176563808974,11239.923276726577,4905.217247912037,11260.317068857055,1.4611223697181586,35,0.2715980463913645,0.9556019875227084,cluster_5
3068241300093200211,,2971.090696478213,4909.038292687314,11398.6569492578,4899.894400063252,11384.709705338202,4919.720357668138,11410.402921611058,1.1711847170376304,461,0.2679421087539824,0.8679849285968739,cluster_5
3068241300094100141,,421.59376322503095,4916.6384516549215,11408.889860697436,4912.16493966404,11404.812263338965,4920.512554389186,11412.564802287425,1.044305349506898,42,0.6484462706711872,0.9223840607579704,cluster_5
3068241300094200477,,2799.432499516265,4930.765625255072,11445.286865358512,4918.875600166398,11436.813593171231,4941.372319130152,11454.535518475368,1.0976728380680454,229,0.2605024645531326,0.8918697898341085,cluster_5
3068241300094200531,,2825.0198151415025,4942.975542909167,11469.704963581651,4929.404680116095,11457.845609610204,4952.56127252148,11481.898429528606,1.88911795121788,521,0.2917817357840575,0.8518215433385193,cluster_5
3068241300095100067,,2022.4702559017871,5451.0630513122405,11472.260532219098,5439.60659989355,11463.4986400448,5459.829637767124,11485.52399872198,1.5985753296656218,475,0.3663653628723397,0.7571970527169387,cluster_5
3068241300095100073,,1147.6416995359414,5455.161318569756,11490.765856879198,5449.705745135415,11483.47866621192,5461.705799401796,11497.5991398949,1.3267436669634791,169,0.360623429269439,0.993921866531594,cluster_5
3068241300095200253,,2460.9736501758603,5467.373110624124,11481.216718786423,5457.252339707572,11472.920015601012,5480.39643647987,11490.83355483936,1.6096511021333806,582,0.2695924786918651,0.9437517140437962,cluster_5
3068241300096100004,,2586.634621091759,5627.254171693605,11220.97770476218,5617.832220001569,11211.77055131076,5637.377845669167,11229.250452527644,1.2722804109322488,49,0.2350720748628411,0.9802130819173108,cluster_5
3068241300096100005,,789.8101496743889,5514.051976732561,11242.845297398324,5509.732047703263,11236.170186872372,5518.150240280299,11249.741568001238,1.7085762545686864,211,0.4620002277275324,0.9443395060388792,cluster_5
3068241300096100008,,2081.89125899522,5519.73772317398,11274.069184521257,5512.736683381241,11264.439770874076,5526.45263590667,11283.68018074166,1.4751344573475589,491,0.2720275903445697,0.9637027328119564,cluster_5
3068241300096100010,,1481.4270106035844,5528.958250653793,11286.745635375071,5522.379835158445,11279.9292764665,5535.808893274354,11293.730927541048,1.157813597637291,553,0.3086115626482031,0.9938580660816658,cluster_5
3068241300096100014,,1470.0706458144596,5528.483222298957,11297.420853021087,5520.53178523253,11291.143506108623,5537.036378685352,11303.321722058696,1.4570430329494073,413,0.3552584357362324,0.875995476526855,cluster_5
3068241300096100016,,543.2123349111343,5530.37910396034,11307.321424084948,5524.769881313972,11301.994485408704,5533.689668260905,11313.679750727882,1.7048483011065252,187,0.6726940471490243,0.8049058916444757,cluster_5
3068241300096100017,,1406.8676676597856,5530.734139288053,11319.470149477684,5521.414925365509,11313.77009878608,5538.574650788097,11325.258151043188,1.572969920742288,450,0.347682256190244,0.9290091348866768,cluster_5
3068241300096100024,,1475.567190986084,5526.966255986969,11376.63165041292,5519.847862064959,11368.27312411492,5532.814357449516,11383.945122216332,1.1604056671754055,291,0.3309811895998268,0.9414298007029582,cluster_5
3068241300096100037,,750.4909758671607,5499.466792971689,11458.402408358595,5495.127816072255,11451.954581046632,5503.39564058691,11464.55275311,1.8519013379345484,61,0.4603195021940114,0.997384960812458,cluster_5
3068241300096100040,,478.72098119168186,5489.465996658708,11466.455002957988,5485.197075023625,11461.776326954365,5493.765055762034,11470.174621641829,1.1780625150830577,146,0.5915336638419627,0.9438550799891264,cluster_5
3068241300096200006,,1561.229100953376,5523.997271763679,11244.54506290697,5514.80956807142,11236.70447382494,5531.385847773284,11250.917266732456,1.1697559999387537,185,0.3556971722944603,0.8712811392245634,cluster_5
3068241300096200007,,1329.0898855926796,5524.496105836902,11254.982049464936,5516.775947601714,11249.364751693483,5532.426704075681,11260.226727628204,1.4175269632938683,408,0.3479572902471602,0.948442137189643,cluster_5
3068241300096200014,,1348.970260857123,5537.51192375874,11305.75383723623,5532.633102768631,11297.194381202917,5542.5617491848,11314.079175747604,1.7100956619108838,282,0.3370588657529497,0.9828083783282832,cluster_5
3068241300096200015,,390.29168602310347,5524.398385963602,11307.23738571171,5521.481169647444,11303.292321863708,5527.856544172709,11311.071937568558,1.1826590155359915,110,0.6124956749628084,0.9880768335816262,cluster_5
3068241300096200016,,243.63302853646783,5527.010261999704,11312.213440726,5524.0027486307445,11309.133304202323,5530.146120411299,11314.65607056852,1.253746458445259,101,0.7887751553361043,0.9799437269014332,cluster_5
3068241300096200018,,1411.2774656953063,5524.01953302364,11328.753130556985,5518.807777397265,11320.647449042304,5529.856911643042,11337.182533224408,1.563268518957559,551,0.3321384931283288,0.9695650158497884,cluster_5
3068241300096200019,,1129.924190459284,5536.12509478248,11338.218608799802,5529.602294345752,11332.03228042905,5541.572490763629,11345.07768556106,1.1871477067746354,275,0.3643176303379545,0.969847835128684,cluster_5
3068241300096200024,,2357.358005089996,5513.790110937153,11377.07031335904,5507.138458884574,11364.356243585757,5520.828508857745,11388.755102059593,1.794430088474979,856,0.2869170652988385,0.9147240785276702,cluster_5
3068241300096200026,,1264.8665507666806,5521.661231625016,11388.11003007662,5515.500671588819,11381.171220109178,5527.911044778464,11395.727846131093,1.0704727398182663,296,0.3404073882118696,0.978538721822359,cluster_5
3068241300096200036,,759.7942987506707,5495.782514385243,11453.167596686577,5490.468700596997,11447.247394643782,5501.381228537305,11459.800985075544,2.034966995623716,212,0.5051833542231333,0.9232678525118612,cluster_5
3068241300096300010,,1477.6612517410715,5515.13980628611,11290.243363632717,5507.918121134549,11282.521504094531,5521.096834453377,11298.043094299148,1.0931826591740923,128,0.3434604004943744,0.9607593482496016,cluster_5
3068241300102100019,,1407.5176798283885,4852.986567005173,11358.363299532488,4847.523973217644,11349.697187507263,4857.746087330353,11367.142810270378,1.7218711005920908,77,0.333754428158839,0.9860569719704032,cluster_5
3068241300102100024,,2278.1209520590733,4895.648180165063,11386.437773698472,4885.021668672285,11377.506042492258,4905.42390730886,11395.559692717963,1.303091666085013,251,0.2919440246764466,0.9144748904845256,cluster_5
3068241300102100052,,1503.5390877281418,4914.952785549177,11421.786262960128,4906.883094504647,11414.924866948317,4922.759075720035,11428.583109219438,1.2042842976221604,224,0.3461160801307885,0.8847854596997402,cluster_5
3068241300102200094,,572.0159581619189,4911.836778415202,11414.20328942916,4905.907933034407,11409.462469040118,4917.8453876056965,11417.324744610258,1.107011902791424,65,0.6209344021551287,0.8638520717909647,cluster_5
3068241300102200156,,1485.3216113440003,4918.130169180208,11435.620116947071,4911.31586012985,11427.257563345382,4924.967093766921,11444.732959593732,1.5280184379846398,172,0.3741669300206993,0.8737948260519864,cluster_5
3068241300103100022,,621.7020720956222,4938.610767873214,11456.237009585268,4935.2175738592405,11450.116068443487,4942.414909877902,11462.033278672085,1.7400363344545513,73,0.5239073822707224,0.9407632501856694,cluster_5
3068241300103100029,,1567.425682341027,4968.418910188302,11505.650824572853,4960.513356871841,11496.18330462733,4975.0724806551625,11514.691377246869,1.109444456354417,304,0.3685998417418786,0.8688948925482036,cluster_5
3068241300103100032,,4684.495014915318,4986.364258832041,11523.067875231054,4970.105959069907,11511.922980193449,5003.414517482598,11533.99716919396,1.6749719465173727,661,0.2180709332304253,0.8466653310556992,cluster_5
3068241300103100035,,228.9971899120638,5003.459729722924,11542.55148516276,5000.061976104928,11540.415418769173,5006.681112030656,11545.13551513181,1.3754262153147745,92,0.8105131548938208,0.9999999999999996,cluster_5
3068241300103100039,,2314.827516680723,5038.68790979575,11565.619624767078,5026.103603840323,11557.958051778984,5050.184003750532,11574.820262232084,1.9898235047657893,691,0.2943747066064412,0.9274060064612782,cluster_5
3068241300103100043,,1193.3794913772335,5057.777233675465,11577.046610195232,5047.529999476203,11570.229459200747,5068.623332340311,11584.102917067794,3.872235451172685,393,0.470293301809582,0.9178522354233332,cluster_5
3068241300103100049,,1226.1530134478744,5122.745629120139,11594.39428399994,5113.940603753328,11588.995010428134,5130.444461984936,11600.881648068593,1.722707940603338,373,0.3745244994738614,0.969585368457659,cluster_5
3068241300103100051,,936.8775743330134,5158.072952473512,11607.8573181409,5152.410171259015,11602.617878051988,5163.487188076237,11613.98447546206,1.1556119474632371,245,0.4161690818100667,0.9504453644656756,cluster_5
3068241300103100052,,741.44382971593,5166.709035599392,11608.461464820266,5162.108734731031,11603.211202133416,5171.476561382192,11614.151285682668,1.2778621640843693,215,0.4833348725891967,0.9137153438114592,cluster_5
3068241300103200108,,2000.146213294496,4957.823372280814,11489.535365503749,4948.675333760375,11479.182407961522,4966.60465703076,11499.76611624574,2.0952225535854003,379,0.3164068744074316,0.919455102210844,cluster_5
3068241300103200123,,835.9427536687552,4998.333012893879,11537.910636926224,4992.85306794114,11532.831246809612,5003.414517482598,11544.66048851184,1.1754420551315163,295,0.4807165435851636,0.8981798910942832,cluster_5
3068241300103200125,,2221.6618173968927,5014.840128881168,11545.352298135494,5002.582470708863,11537.819195886112,5024.060228461196,11553.626489472925,1.2558651561480518,526,0.2854519140126724,0.919951152250126,cluster_5
3068241300103200128,,1321.45378057907,5024.650424453174,11556.914225968774,5018.08011240006,11550.981992134091,5032.73979290757,11563.170067324852,1.2721446893460693,302,0.3396914932459295,0.9647889000654926,cluster_5
3068241300103200133,,1624.028356668639,5059.256177468417,11570.925408662168,5048.149764821011,11562.009041774196,5070.181229654656,11580.58669011,2.87276589304374,329,0.4226890718988644,0.7994921880982341,cluster_5
3068241300103200136,,2072.0265968223584,5081.800971153237,11579.098694203783,5070.0434256810495,11572.904921929425,5093.18617119943,11584.920151536591,2.0603877242791784,507,0.3048490576533146,0.941031480873465,cluster_5
3068241300103200139,,1539.105381163011,5149.808678444693,11595.0920283226,5142.288200484558,11588.714112588525,5160.732380103671,11601.604687486062,1.395642151910664,362,0.3412624119834078,0.9192211511870468,cluster_5
3068241300103200143,,389.9953555361278,5131.319144979308,11599.022150701678,5127.546569769611,11595.109063160304,5135.348093170096,11602.902601160173,1.3507129813411465,152,0.6346720589265553,0.9665918993300374,cluster_5
3068241300103200145,,1449.3756070749962,5138.683083022711,11605.384860819297,5131.262428545709,11599.052206693976,5146.551345122487,11611.343422753216,1.205205355482918,371,0.3146543378577895,0.9775667549198204,cluster_5
3068241300103200149,,873.6195914590339,5176.883397118371,11611.764992138542,5169.969068849393,11606.75560798262,5182.564115198607,11616.62745771244,1.2448242573257615,70,0.4237293461241211,0.972744692276348,cluster_5
3068241300103300046,,158.28500421890993,5151.154500499105,11607.697364287797,5148.673763234867,11605.662829608418,5153.482369170656,11609.83104717536,1.181703283417356,50,0.9660278128140856,0.9948130397012948,cluster_5
3068241300104100016,,557.7833733454535,5282.284323480754,11539.64125082765,5278.718642083542,11534.908989505053,5286.265867607772,11544.55997883508,1.447347481348672,152,0.5134859450593736,0.9884795900298282,cluster_5
3068241300104100017,,2662.7464414206543,5335.837282851072,11547.388362125228,5326.136509705721,11537.583023491092,5346.455629373636,11557.203187149064,1.175652350364864,730,0.2402046478006141,0.9637100279350966,cluster_5
3068241300104100018,,1029.7180790227692,5250.999665721388,11545.252587029505,5244.543646807388,11539.368736058572,5257.011089888379,11550.944448926934,1.288185098649616,351,0.3839653274001163,0.9579930960671046,cluster_5
3068241300104100019,,557.7915272893144,5279.790253843253,11550.831180129402,5275.978118702018,11546.661077030252,5284.589672090079,11556.245262093527,1.057896961066839,218,0.5466234536523141,0.950921525060994,cluster_5
3068241300104100020,,1842.585123524508,5300.21843912878,11554.978529386888,5293.281799363391,11546.674190782038,5308.430177589774,11562.935288205652,1.0783959557493656,812,0.2826050410333884,0.9746966211478006,cluster_5
3068241300104100021,,923.657125799136,5320.848086671224,11552.051456277915,5314.893137019392,11546.720753810056,5327.627623097525,11556.589094152125,1.2542944692014355,355,0.4148875899661303,0.9602165652863436,cluster_5
3068241300104100022,,1483.7559422328231,5287.311210501052,11554.377319527664,5277.8208496764255,11547.410543744172,5294.053666692874,11561.23354701636,1.1151902540695289,564,0.360578125112582,0.8932737852506035,cluster_5
3068241300104100024,,1103.6102379715282,5271.67239239671,11553.785691114128,5265.44198479124,11547.95813974853,5276.879869523191,11560.758402308353,1.2378537781006929,394,0.3760067857497403,0.9646184632434966,cluster_5
3068241300104100025,,1656.8225929636783,5264.474235731393,11559.128381036338,5258.447010710355,11548.70648048084,5271.970364181465,11569.223978240796,1.847617715886701,453,0.3359666953744659,0.9150987179428752,cluster_5
3068241300104100026,,1832.4421966098148,5323.238305707068,11559.894963130848,5312.528840418845,11553.24306272995,5333.592295883927,11565.959802754416,1.6470148189066318,683,0.3419927728579577,0.8215474194103777,cluster_5
3068241300104100027,,1457.3085741737427,5341.766186658387,11558.938194426864,5331.697543202314,11552.18868314604,5349.947969738298,11564.739177146164,1.3492241516880492,602,0.3685706737881719,0.9101202627097552,cluster_5
3068241300104100028,,1795.3410699727,5354.482710284216,11559.432611269414,5347.2714115593135,11551.19663892866,5362.8485176751965,11567.471728947196,1.1697132833450905,391,0.3041302798163177,0.9425030639457366,cluster_5
3068241300104100030,,1253.3391483486134,5306.402325379016,11564.949572878711,5299.45592876549,11559.08159673828,5313.70918899614,11570.729782640148,1.4620038238674276,602,0.3415512646802213,0.9968756975877596,cluster_5
3068241300104100033,,949.6281736649572,5293.792733069012,11568.898862156144,5287.608079733678,11563.42579133323,5300.229089350964,11574.065550032008,1.16733393360595,438,0.3939662786134639,0.9803539782254922,cluster_5
3068241300104100034,,886.8171413620155,5327.244677470863,11574.48660834442,5321.718183611294,11568.361520987,5333.986593427234,11579.592972704806,1.6330543433390958,188,0.4401205978902123,0.9296819551355908,cluster_5
3068241300104100035,,1558.793329494055,5310.041570286757,11574.1979754834,5301.511376762574,11568.777245846646,5319.915638773602,11580.132946345086,1.680335373299462,736,0.3223828317715484,0.9753758726705188,cluster_5
3068241300104100036,,281.9530476382325,5276.527968427235,11572.533372272024,5272.447627902527,11569.246400457563,5280.152277349218,11575.67611995731,1.767517272618092,119,0.8068424106612131,0.950318166970283,cluster_5
3068241300104100042,,1814.9773844062504,5344.634862994065,11579.506890407489,5335.609916627422,11571.925347012842,5353.065954382548,11587.81701880906,1.665880706874157,511,0.311205337244801,0.9475891628221786,cluster_5
3068241300104100046,,646.9298706554794,5298.620413409334,11581.457880576125,5293.96091441943,11575.752595999758,5304.482824449487,11587.852608229692,1.8380337812311835,299,0.5654259858781341,0.8472670071443607,cluster_5
3068241300104100047,,682.9673114927793,5316.887870219113,11580.362244990498,5311.563277195952,11575.364559115522,5321.4926225681365,11584.34474073926,1.4104879090709506,169,0.4662477370575323,0.9877355091636544,cluster_5
3068241300104100048,,448.3990242189258,5290.554855854207,11579.56937330376,5287.249059026115,11575.724166995902,5294.228956093578,11583.81799713746,1.198132784655776,122,0.5788574473064098,0.9949914474455556,cluster_5
3068241300104100049,,1229.262648487876,5272.780581592099,11582.138561624744,5266.7379532947525,11575.12037714945,5278.850106503508,11589.170049942217,1.3880911738121229,655,0.3471429239744922,0.9872882588739684,cluster_5
3068241300104100054,,1568.8169327329056,5323.4542202495695,11591.368759887684,5314.020052281518,11581.808825801334,5330.567037772649,11600.421043273049,1.5300257506868442,858,0.3746041870325306,0.8322783223676365,cluster_5
3068241300104100055,,1015.2319201745864,5316.033086979879,11587.138048703464,5307.854495689042,11582.12860049808,5325.22701022036,11592.224066070896,1.869576360266052,525,0.4710032509065161,0.8402250353760569,cluster_5
3068241300104100058,,745.8872761880983,5280.717521479372,11588.829705231634,5274.327026855463,11584.37976114924,5287.562236512869,11593.95627153623,2.0240612373269737,178,0.4986756279875358,0.9411185912355498,cluster_5
3068241300104100059,,1659.6105689582662,5331.48340428972,11595.423093880132,5321.298302465173,11585.774506419344,5340.1685459428445,11603.99215888134,1.4773632116903848,861,0.3958052826524932,0.7640945389928342,cluster_5
3068241300104100061,,775.1067769682858,5267.579664454119,11590.853943274256,5262.449889075004,11585.831605201714,5273.102698806986,11596.095983158684,1.0619434328213089,340,0.4352718868346316,0.9756173206734016,cluster_5
3068241300104100062,,825.23714532955,5233.726504725369,11591.470846443352,5227.741094660905,11586.092588742276,5238.961136745833,11596.432817805206,1.3026353474764487,278,0.4241287019524593,0.977719393422844,cluster_5
3068241300104100064,,1217.1685558161853,5345.700970748113,11592.278974474715,5339.738978623623,11585.811229796209,5351.725339518595,11598.36387244761,1.0498515127731989,431,0.3380940607763802,0.9906883503237088,cluster_5
3068241300104100067,,1089.267861654724,5304.888019433739,11593.207691439124,5296.977847865175,11589.075601070625,5313.931453560566,11598.424887659085,1.8336036576911807,481,0.427531618391971,0.8835794727328475,cluster_5
3068241300104100068,,667.9434388129016,5245.141937862821,11595.095946747311,5239.198622595121,11590.156118717296,5252.316686108757,11598.989321775214,1.7127126894019629,310,0.6005788176844101,0.8092660684168725,cluster_5
3068241300104100072,,1092.7577177171706,5253.853164928435,11600.084249415508,5248.057316098811,11592.592236315344,5260.305960123428,11606.754492654833,1.302322677720231,586,0.4468735690494175,0.8805848917373067,cluster_5
3068241300104100074,,626.4251253203051,5234.492399378188,11598.87039547588,5229.498791661497,11594.390320203816,5240.6732511571845,11603.688741201348,1.645192102648271,325,0.5596539667698904,0.8610728157433729,cluster_5
3068241300104100076,,682.0028675707192,5290.887536061283,11599.425847101507,5285.29044298014,11594.303847569008,5297.08845976659,11603.927223674453,1.0728085142613415,308,0.5157933206637703,0.8910993852149932,cluster_5
3068241300104100079,,1640.9437917605735,5218.036182504778,11603.461081088151,5209.489075527881,11595.329958142584,5224.870409707111,11611.936337532174,1.1049248042744022,301,0.3523543652002719,0.8541481726418477,cluster_5
3068241300104100081,,642.772679569479,5308.469056067558,11599.497130613772,5302.926175272975,11596.02738111178,5313.690976698443,11603.45880612835,1.4432131876993972,291,0.4804440079494405,0.9881041113600696,cluster_5
3068241300104100082,,1044.830243144827,5316.096111686999,11602.841355488748,5310.412948736363,11595.679456051388,5322.005478083404,11610.359345279352,1.813144336580246,471,0.4185208616706183,0.9406330357456416,cluster_5
3068241300104100084,,294.06302558539744,5242.366133542301,11600.267695165388,5238.17181619886,11598.17456231288,5246.7384122434905,11602.849184290597,1.7694198455734638,126,0.7534011661830152,0.9748898839189172,cluster_5
3068241300104100088,,777.7759957379519,5328.699395380624,11606.738739633412,5323.092345730955,11602.189705083829,5334.096286876218,11611.53228151318,1.328833920847548,397,0.451229045052533,0.9603399715193462,cluster_5
3068241300104100090,,1325.410506334563,5315.591746400979,11613.54978868025,5307.888759371986,11603.70292775734,5323.453523491001,11620.878404960778,1.701596772153249,167,0.4223836288209884,0.8155216698774533,cluster_5
3068241300104100095,,990.011157596358,5230.214593335005,11612.654835250552,5225.427108033719,11605.233303356152,5235.8579436043565,11620.408762532496,1.5229390688832,74,0.4870524624850328,0.8094077233486868,cluster_5
3068241300104100098,,412.9672440192088,5336.9481930247175,11611.774277625122,5332.751183406987,11608.885860769378,5340.880000644758,11614.596630327174,1.4231536279563937,35,0.6058538422054732,0.9764367578723678,cluster_5
3068241300104200036,,3531.4048084396927,5472.991769197411,11467.806250731464,5459.296875609753,11459.76694964172,5486.835914906596,11477.566748712165,1.5621662138564638,541,0.2463476766398988,0.8682405555374252,cluster_5
3068241300104200041,,1777.1531989977238,5448.135679350934,11484.081808599623,5439.8543832949135,11476.788487978136,5457.938207440217,11492.555269904222,1.6174683706574065,255,0.3131363951023749,0.9463978701875642,cluster_5
3068241300104200054,,654.5401707113783,5311.404092503243,11549.933623490357,5306.803446442554,11545.46813920982,5316.36907485009,11554.638568159831,1.171347660295575,210,0.4643172917890074,0.984171512311829,cluster_5
3068241300104200068,,1417.832442376034,5283.4497359407005,11564.896501730002,5276.247732656328,11558.325633641887,5290.900322110914,11571.81025282878,1.0478558816683972,558,0.3334640907347153,0.9406055505232352,cluster_5
3068241300104200070,,881.256777783443,5272.748511403624,11567.473848344978,5267.900364327055,11560.89467756247,5277.859971331326,11574.51582256396,1.386024517173321,221,0.4257122537068097,0.9662395317325708,cluster_5
3068241300104200074,,1872.0410159801827,5242.224794443034,11577.19699526597,5232.713579708227,11568.147331982813,5251.726318129071,11588.223449917185,2.0678142271166084,407,0.3527582304820101,0.8159989824413841,cluster_5
3068241300104200077,,391.8015177457537,5297.232177346722,11575.147399585698,5293.828910947585,11571.460767745592,5301.295401769836,11579.368052199785,1.513056756477974,102,0.6320860071102613,0.9759871021556,cluster_5
3068241300104200080,,1186.2928467377171,5258.07992248613,11579.711962893374,5252.5953535253975,11572.903474899842,5264.066848946501,11586.17415473374,1.0693459385629058,95,0.3531237194725095,0.971410715136264,cluster_5
3068241300104200081,,1176.8948781776423,5282.146711642165,11578.600180794005,5275.248994550896,11572.44837290096,5287.757091942955,11584.954338243318,1.355623573103566,434,0.3698546768446066,0.9618672181368422,cluster_5
3068241300104200088,,1076.234965122488,5246.933013054849,11583.04362993247,5239.83626675647,11576.702949262655,5253.016504961037,11588.6574295941,1.743618805538886,288,0.3940071507943052,0.9645430855950236,cluster_5
3068241300104200089,,892.8994053777403,5304.36994851108,11585.229359425895,5297.394607137831,11580.686430774604,5310.886444179338,11589.420492957885,1.696102714124644,432,0.4216633713033842,0.9790919092762072,cluster_5
3068241300104200094,,271.5020262862734,5291.951426125938,11588.50428687314,5288.655561319698,11585.774506419344,5295.009608416742,11591.159334556887,1.1574117296681088,45,0.7289175287410733,0.993043348107922,cluster_5
3068241300104200099,,448.156950044856,5246.623346603689,11589.9610318778,5241.015317559193,11587.251629745748,5251.180854991051,11592.88021021124,1.802231784882796,211,0.6300144323821574,0.9633511430849032,cluster_5
3068241300104200107,,296.89761972037775,5256.099608470579,11592.634667008768,5252.004451677675,11589.52848768594,5260.524064157436,11596.282572809234,2.2163913141623266,90,0.839809096516972,0.8875341115474921,cluster_5
3068241300104200108,,717.905455405943,5270.7333750883145,11602.192034323169,5267.716855088407,11591.463157324728,5273.858157513145,11612.771939581788,4.278030639767035,182,0.6959985642502707,0.8143033810868678,cluster_5
3068241300104200115,,2888.4285994418424,5279.105909925121,11607.526738510993,5271.56874939296,11594.629094608448,5286.5892869149575,11619.875006269627,1.748457966383297,558,0.2495956827731413,0.9524620630552564,cluster_5
3068241300104200118,,943.3252736178644,5337.317244531198,11602.840471399975,5332.907361269456,11595.715183512755,5341.775945689513,11608.878059974177,1.5357727274302109,415,0.4076131597829623,0.9680182731422576,cluster_5
3068241300104200121,,1958.6175173653469,5260.075830736526,11605.742666873946,5249.664027908102,11596.123788461427,5269.093717653534,11614.845984760266,1.815637330345328,579,0.3402637911123248,0.8422351319465332,cluster_5
3068241300104200123,,614.5589233184996,5235.937273241539,11605.178141170096,5230.150435497035,11601.29550224652,5241.014394541697,11609.595896970066,1.356757211330753,222,0.5007367998311772,0.9735513702542468,cluster_5
3068241300104200124,,1938.827861289396,5292.276712558772,11611.382100905612,5285.117996413215,11601.746471542128,5298.806625625186,11620.63096936602,1.6483921201263336,279,0.2940090165753781,0.966099280340437,cluster_5
3068241300104200126,,911.1237613126395,5243.014789849306,11609.209374300315,5237.278737601822,11603.399561375572,5248.006267147777,11614.3596527747,1.124247773104866,163,0.3976669776407147,0.9881155979351928,cluster_5
3068241300104200128,,797.9072154483348,5305.960001678405,11608.935686913148,5300.973121262529,11604.439382521725,5310.908879789455,11613.558160522349,1.0965829027620744,179,0.4304406361472769,0.9678241115330416,cluster_5
3068241300105100011,,292.3283837720681,5521.839478709546,11370.462444819996,5518.783806084,11366.75631618065,5525.973316897452,11373.682176685496,1.1134173900980582,113,0.7926346670893515,0.9201936357514404,cluster_5
3068241300105100017,,2536.9653019006787,5500.445503829599,11398.597795114418,5493.093505745853,11386.709151094446,5508.112087073872,11409.386181832826,1.720774100981368,498,0.2572962293246608,0.9531943262484132,cluster_5
3068241300105100029,,1717.25423091303,5491.055163624005,11426.990923168883,5484.012339886502,11417.176524072933,5498.010532836311,11436.099425257267,1.5195689912124046,527,0.327476676753549,0.8981757960709273,cluster_5
3068241300105100030,,1544.161320040139,5501.826308066932,11434.292478467443,5495.21383345255,11424.784491208173,5507.683333755418,11443.059846186265,1.294769057626446,450,0.3333853702751211,0.9494367847130116,cluster_5
3068241300105100034,,2234.945834104364,5486.427424676541,11451.687419793072,5478.933281686113,11439.22619759563,5493.728825544993,11462.939888263356,1.3322175251222388,621,0.2922757905400255,0.9178797885182336,cluster_5
3068241300105200026,,229.51520241196133,5519.5290176003045,11344.80267210198,5517.375275382546,11341.579127722802,5522.252603738928,11348.06238997084,1.483400186604124,99,0.8115429024872701,0.9952658347722162,cluster_5
3068241300105200037,,1865.1891139797672,5523.346744982453,11362.547783813978,5513.702390488612,11355.446485484026,5533.14831700552,11369.590001825478,1.3631451047621197,578,0.3064419760165593,0.9284364294228312,cluster_5
3068241300105200058,,2176.678992578584,5513.128036059591,11398.297998118322,5505.27200344463,11387.741310355086,5522.095785954816,11408.395494520972,1.34241688738583,604,0.3174371394292197,0.8311655759936973,cluster_5
3068241300105300005,,2594.1343524143576,5528.8964917835765,11348.71602880665,5519.631867314373,11336.775386874348,5536.991217193913,11359.258077733535,1.2954327570862172,796,0.2704751144219064,0.8942029456676516,cluster_5
3068241300105300012,,3019.4864480871547,5502.983075353791,11417.295306413782,5494.063469752709,11405.705583199304,5512.625948024903,11429.258255884184,1.2913710118812691,746,0.2359688185138143,0.943413793481676,cluster_5
