cell,eef2b,gata5,tbx1,spi1b,aplnra,prdm1a,meis3,stmn1a,yrk,her6,fn1b,tbx16,meox1,hand2,mef2cb,cldnb,dla,otx2b,tnnc1a,cfl1l,cldn7b,zic2a,fstl1a,bmp6,cd9b,nova2,nkx2.5,krt18a.1,myl7,dusp5,hes6,sparc,pdlim1,tal1,serpinh1b,bmp4,jdp2b,efnb2a,tnnt2a,mdkb,ptmaa,rbfox1l,nkx2.7,cdh11,ccn1,fabp3,btg1,lsp1a,angptl7,ttn.2,foxd1,hoxb3a,atp2a2a,sox7,twist1a,podxl,fthl27,rarga,mdka,cdx4,cxcl12a,gdf3,rac2,fzd8b,marcksl1a,sfrp5,fibina,fli1b,epcam,hspb1,smtnl1,fhl2a,foxl2a,actc1a,blf,loxl2a,emp2,egfl6,rasl11a,fermt1,fsta,plpp1a,aldh1a2,sox3,etv2,hoxb1b,her15.1,fli1a,cxcl12b,bambia,akap12b,hoxb9a,cyp26c1,hoxb7a,rbms2b,her9,irx1b,tmem88a,kirrel1b,ackr3b,krt8,rdh10a,colec12,ndnf,lmx1bb,pitx3,rspo3,pdgfra,hey1,msgn1,met,thbs2b,cdh5,twist1b,kazald2,myh7,cthrc1a,pfn1,apoc1,tnfaip6,apela,nrp2a,meis2a,elmo1,cnn3a,vox,irx3a,cdc42ep4a,rbm24a,nid1b,clec14a,pltp,foxi1,Blank-0,Blank-1,Blank-2,Blank-3,Blank-4,Blank-5,Blank-6,Blank-7,Blank-8,Blank-9,Blank-10,Blank-11,Blank-12,Blank-13,Blank-14,Blank-15,Blank-16,Blank-17,Blank-18,Blank-19,Blank-20,Blank-21,Blank-22,Blank-23,Blank-24,Blank-25,Blank-26,Blank-27,Blank-28,Blank-29,Blank-30,Blank-31,Blank-32,Blank-33,Blank-34,Blank-35,Blank-36,Blank-37,Blank-38,Blank-39,Blank-40,Blank-41,Blank-42,Blank-43,Blank-44,Blank-45,Blank-46
3068241300084100040,8,0,0,0,0,0,0,0,0,0,0,0,0,0,0,0,0,0,0,0,1,0,0,0,1,0,0,1,0,0,0,0,0,0,0,0,0,0,0,0,1,0,0,0,0,0,1,2,0,0,0,0,0,0,0,0,1,0,0,0,0,0,0,0,0,0,0,0,0,3,0,0,0,0,0,0,0,0,0,0,0,2,0,0,0,1,0,0,0,0,0,0,0,0,0,0,0,0,0,0,3,0,0,0,0,0,0,0,0,0,0,0,0,0,0,0,0,1,13,0,0,0,0,0,0,1,0,0,1,0,0,0,0,0,0,0,0,0,0,0,0,0,0,0,0,0,0,0,0,0,0,0,0,0,0,0,0,0,0,0,0,0,0,0,0,0,0,0,0,0,0,0,0,0,0,0,0,0,0,0
3068241300084200116,69,6,0,2,0,0,0,0,0,0,0,0,0,0,0,1,0,0,0,10,1,0,2,0,3,1,0,30,0,0,0,0,1,0,1,0,0,0,1,0,1,1,0,0,0,2,14,9,0,0,0,0,0,0,0,0,2,0,2,0,0,0,0,0,1,0,0,0,3,3,0,0,0,0,0,0,1,0,0,2,0,6,0,3,0,0,0,0,1,5,16,0,0,0,2,1,0,1,0,0,34,0,0,0,0,0,0,2,0,0,0,3,1,0,1,0,0,15,37,0,0,1,0,0,3,1,0,0,3,1,0,0,3,0,0,0,0,0,0,0,1,0,0,0,0,0,0,0,0,3,0,0,0,0,0,0,0,0,0,0,1,0,0,0,0,0,0,0,0,0,0,0,0,0,0,0,0,0,0,0
3068241300084200124,107,2,0,6,0,0,0,0,0,0,1,1,0,0,0,8,1,1,0,29,9,1,4,6,18,0,0,112,0,0,0,3,8,0,4,0,0,2,0,0,1,1,1,0,11,1,18,23,0,1,0,0,0,0,0,0,3,0,1,0,0,0,0,0,2,4,0,1,7,18,0,1,0,0,0,0,1,0,0,2,0,13,0,0,0,0,0,1,1,3,53,0,0,0,1,3,0,1,0,0,76,0,1,0,1,0,0,2,0,0,0,0,0,0,2,0,0,18,83,0,0,1,0,0,8,1,0,1,3,1,2,0,3,0,0,0,0,0,0,0,0,0,0,1,1,0,0,0,0,0,0,0,0,0,0,0,0,0,0,0,3,0,0,1,0,0,0,0,0,0,0,2,0,0,0,0,0,0,1,0
3068241300084300012,19,2,0,1,0,0,0,0,1,0,0,0,0,0,0,1,0,1,0,9,3,0,0,2,2,0,0,22,0,0,0,0,1,0,0,0,0,0,0,0,3,0,0,0,1,0,8,10,0,1,0,0,1,0,0,0,1,0,1,0,0,0,0,0,0,0,0,0,1,3,0,0,0,1,0,0,0,0,0,0,0,3,0,0,1,0,1,0,2,2,6,0,0,0,1,0,1,0,0,0,16,0,0,0,0,0,0,0,0,0,0,0,0,0,2,0,0,2,14,0,0,0,0,0,1,0,0,0,0,0,0,0,1,0,0,0,0,0,0,0,0,0,0,0,0,0,0,0,0,0,0,0,0,0,0,0,0,0,0,0,0,0,0,0,0,0,0,0,0,0,0,0,0,0,0,0,0,0,0,0
3068241300085100045,275,1,0,1,1,0,7,1,0,0,0,1,0,0,2,2,0,1,0,0,0,6,2,6,0,13,0,2,2,2,5,7,2,0,1,0,1,10,4,44,17,1,1,1,2,45,11,4,0,2,0,0,1,0,0,2,3,1,47,2,4,0,0,1,11,3,0,0,0,0,3,0,0,0,1,1,1,2,0,0,18,0,0,87,1,0,1,1,0,0,45,0,9,0,7,51,78,0,0,2,7,0,0,1,1,0,1,1,1,0,10,2,1,2,2,0,0,3,4,0,0,21,2,3,1,0,43,0,1,1,1,0,0,0,0,0,0,0,0,0,1,1,0,0,0,0,0,0,0,0,2,0,0,1,1,0,0,0,1,0,0,0,2,0,0,0,0,0,0,0,0,0,0,0,0,1,0,1,0,0
3068241300085100049,149,1,0,5,0,0,1,0,0,0,1,0,0,0,0,1,0,1,0,2,0,3,0,2,0,1,1,2,1,0,0,2,1,0,2,0,0,1,2,8,38,1,0,0,1,30,4,4,0,3,0,0,0,0,1,1,1,0,6,0,0,0,0,0,1,2,0,0,0,1,2,0,0,0,0,0,0,0,0,0,1,2,1,5,0,0,0,1,0,1,10,0,1,0,1,4,8,1,1,2,7,0,1,0,1,0,0,2,0,0,0,0,2,1,2,0,0,1,1,0,0,2,5,4,1,0,5,2,0,0,1,0,0,0,0,0,0,0,0,0,0,0,0,0,0,0,0,1,0,0,0,0,0,0,1,0,0,0,0,0,0,1,0,0,0,0,0,0,0,1,0,0,0,0,0,0,0,0,0,1
3068241300085100052,125,0,2,0,0,0,3,1,0,0,0,0,0,0,0,0,0,0,0,1,0,0,0,0,0,12,0,2,0,0,1,2,1,0,2,0,0,4,2,10,19,0,0,1,0,9,7,1,0,1,1,0,0,1,1,3,1,0,17,0,0,0,0,0,3,11,0,0,0,0,0,0,0,0,5,0,5,0,0,0,2,0,0,60,0,0,0,0,2,0,18,0,12,0,2,17,24,0,0,3,3,1,1,0,1,0,0,0,0,0,3,0,0,0,1,0,1,1,3,0,1,5,0,0,5,0,20,3,0,2,1,0,0,0,0,0,0,0,0,0,0,0,0,0,0,0,0,0,0,0,1,0,0,0,0,0,0,0,0,1,0,0,0,0,0,0,0,0,0,0,0,0,0,0,0,0,0,1,1,0
3068241300085100055,81,0,1,2,0,0,2,1,0,1,0,0,0,0,1,0,2,0,0,0,0,0,1,2,0,6,1,1,0,0,2,2,0,0,1,0,0,0,1,5,10,0,0,0,0,19,6,2,0,0,0,0,0,0,0,0,1,0,4,0,0,0,0,0,5,8,0,0,0,0,1,0,0,0,1,0,1,0,0,1,3,0,0,38,0,0,0,0,1,0,14,0,7,0,2,4,21,0,0,2,3,0,0,0,1,2,1,0,0,0,1,0,0,0,1,0,0,2,1,0,1,9,0,0,1,1,19,0,1,0,0,0,0,0,0,0,0,0,0,0,0,0,0,0,0,0,0,0,0,0,0,0,0,0,0,0,0,0,0,1,0,0,0,0,0,0,0,0,0,0,0,0,0,0,0,0,0,0,0,0
3068241300085100060,107,0,0,1,1,0,2,0,0,3,0,1,1,0,1,0,0,0,0,2,0,1,1,2,0,1,1,3,0,0,2,0,0,0,0,0,0,1,1,9,22,0,0,0,0,12,2,4,0,0,0,0,0,0,0,0,1,1,0,0,0,0,0,0,2,1,0,0,0,0,1,0,0,0,0,0,1,0,1,1,0,0,0,14,0,0,0,0,1,1,8,0,0,0,0,4,5,0,0,1,1,0,1,0,0,0,0,1,0,0,0,0,0,1,0,0,0,0,2,0,0,0,6,3,1,0,7,2,0,3,0,0,0,0,0,0,0,0,0,0,0,0,0,0,0,0,0,0,0,0,0,0,0,0,0,0,0,0,0,0,0,0,0,0,0,1,0,0,0,0,0,0,0,0,0,0,0,0,0,0
3068241300085100061,31,0,0,0,0,0,2,0,0,1,0,0,0,0,1,0,0,0,0,0,0,0,0,1,0,5,0,0,0,0,0,1,0,0,0,0,0,0,0,4,5,0,0,0,0,3,1,0,0,0,0,0,0,0,0,0,1,0,3,0,0,0,0,0,0,6,0,0,0,0,0,0,0,0,2,0,0,0,0,0,4,0,0,13,0,0,0,0,0,0,6,0,1,0,0,5,7,0,0,0,0,0,0,1,0,0,0,1,0,0,0,0,1,1,0,0,0,0,2,0,0,0,0,0,0,0,4,0,0,0,0,0,0,0,0,0,0,0,0,0,0,0,0,0,0,0,0,0,0,0,0,0,0,0,0,0,0,0,0,0,0,0,0,0,0,0,0,1,0,0,0,0,0,0,0,0,0,0,0,0
3068241300085100062,35,0,0,1,0,0,2,0,0,0,0,0,0,0,0,1,0,1,0,0,0,0,0,1,0,1,0,0,0,0,1,1,0,1,1,0,0,0,0,5,2,1,0,0,0,8,3,0,0,1,0,0,0,0,0,0,0,0,6,0,0,0,0,0,0,6,0,0,0,0,0,0,0,0,1,0,0,0,0,0,4,0,0,13,0,0,0,0,0,0,10,0,3,0,0,9,14,0,0,0,0,0,0,0,0,0,0,0,0,0,1,0,0,0,0,0,0,0,0,0,0,1,0,0,1,0,9,0,0,0,0,0,1,0,0,0,0,0,0,0,0,0,0,0,0,0,0,0,0,0,0,0,0,0,0,0,0,0,0,0,0,0,0,0,0,0,0,0,0,1,0,0,0,0,0,0,0,0,0,0
3068241300085100063,28,0,0,0,0,0,2,0,0,0,0,0,0,0,0,0,0,0,0,0,0,0,0,0,0,1,0,1,0,0,0,0,0,0,0,0,0,0,0,5,0,0,0,0,0,3,2,0,0,0,0,0,0,0,0,0,0,0,1,0,0,0,0,0,0,1,0,0,0,0,0,0,0,0,0,0,1,0,0,0,1,0,0,3,0,0,0,0,0,0,3,0,3,0,0,6,12,0,0,0,0,0,0,0,0,0,0,1,0,0,1,0,0,0,0,0,0,0,0,0,0,0,0,1,0,0,0,0,1,0,0,0,0,0,0,0,0,0,0,0,0,0,0,0,0,0,0,0,0,0,0,0,0,0,1,0,0,0,0,0,0,0,0,0,0,0,0,0,0,0,0,0,0,1,0,0,0,0,0,0
3068241300085100064,156,0,0,1,0,0,7,0,0,2,0,0,0,0,0,0,1,1,0,2,1,0,0,1,0,8,0,1,0,0,1,2,0,0,5,0,0,0,0,8,14,1,0,0,2,22,4,6,0,0,0,0,0,1,2,1,0,4,7,0,0,0,0,0,9,6,0,0,0,1,1,0,0,0,1,0,0,0,2,0,5,0,0,29,0,0,0,2,1,1,18,0,1,0,1,9,8,0,0,2,5,0,0,2,1,1,0,7,0,0,1,0,0,3,0,1,2,1,0,0,2,5,1,1,5,1,10,0,0,1,0,0,0,0,0,0,0,0,0,1,0,0,0,0,0,0,0,0,0,0,0,0,0,0,0,0,0,1,0,0,1,0,0,0,0,0,0,0,0,0,0,0,0,0,0,0,0,0,0,0
3068241300085100066,123,0,0,3,0,0,8,0,0,1,0,0,0,0,0,0,0,0,1,1,0,0,1,1,0,12,1,0,0,0,5,6,0,1,4,0,0,2,3,12,15,0,1,0,0,11,8,1,0,1,0,0,0,1,2,4,2,0,14,0,0,0,0,0,6,22,0,0,1,0,2,0,0,0,0,1,0,2,0,0,29,0,0,42,0,0,0,0,0,0,18,0,10,0,1,30,31,1,0,2,1,0,0,1,0,0,0,0,0,2,2,0,1,0,0,0,0,0,2,0,4,12,0,0,2,0,11,1,0,0,0,0,0,0,0,0,0,0,0,0,0,1,0,0,0,0,0,0,0,0,0,0,0,0,0,0,0,0,0,0,1,0,0,1,0,0,0,0,0,0,0,0,0,0,0,0,1,0,0,0
3068241300085100069,57,0,1,2,1,1,1,0,0,2,0,0,1,0,0,0,0,1,0,0,0,0,1,2,0,0,0,2,0,0,0,0,0,0,2,0,0,1,0,0,3,0,0,1,1,4,0,7,0,1,0,0,0,0,2,0,0,0,0,0,3,0,0,0,8,0,1,0,1,0,0,0,0,0,0,0,0,0,5,0,0,1,0,1,0,0,0,2,1,0,19,0,0,0,2,2,3,1,2,1,6,0,7,1,0,1,0,2,0,1,0,0,0,1,3,0,2,0,0,0,0,2,0,1,3,1,1,0,0,1,0,0,0,0,0,0,0,0,0,0,0,0,0,0,0,1,0,0,0,0,0,0,0,0,0,0,0,0,0,0,0,1,0,0,0,0,1,0,0,0,0,0,0,0,0,0,0,0,0,0
3068241300085100070,159,0,0,2,0,0,5,0,1,14,0,0,0,1,0,1,0,1,0,1,1,0,1,0,1,7,0,3,0,0,0,0,1,0,0,0,0,0,0,5,5,0,1,0,0,4,3,6,0,0,0,0,0,0,0,2,2,0,7,0,0,0,0,0,4,4,0,0,1,0,0,2,0,0,2,0,0,0,0,0,7,1,0,9,0,0,0,0,0,1,14,0,1,0,2,2,11,0,1,2,7,0,1,0,1,0,0,3,0,0,0,0,0,1,0,0,0,0,1,0,0,0,1,1,1,0,6,0,1,1,0,0,0,0,0,0,0,0,0,0,0,0,0,0,0,0,0,0,0,0,0,0,0,0,0,0,0,0,0,0,0,0,0,0,0,0,0,0,0,0,0,0,0,1,0,0,0,0,0,0
3068241300085100078,391,1,1,2,1,0,5,0,1,4,0,0,1,0,2,0,0,1,0,0,1,1,2,0,0,6,1,6,1,2,5,2,0,0,5,0,1,3,0,15,26,2,0,3,0,23,9,17,0,1,5,0,0,0,2,5,5,1,18,1,0,0,0,0,17,15,2,0,1,0,1,1,0,0,3,0,2,0,0,0,6,0,1,57,0,0,0,0,1,0,41,0,4,0,1,29,35,2,0,1,32,0,7,5,2,0,0,28,3,2,1,1,0,4,0,0,1,2,4,1,1,19,2,5,7,0,17,7,1,2,0,1,0,0,0,0,0,0,0,1,0,1,0,0,0,0,1,0,0,0,0,1,0,0,0,0,0,0,1,0,0,0,0,0,0,1,0,0,0,0,0,0,1,1,0,0,0,0,0,1
3068241300085100089,69,0,1,0,1,0,0,1,0,28,1,0,0,0,0,0,1,0,0,0,0,0,0,0,0,2,0,0,0,0,0,2,0,1,3,1,0,0,1,1,3,1,1,1,0,4,2,1,0,1,0,0,0,0,0,4,0,0,2,0,0,0,0,0,4,0,0,0,0,0,0,0,0,0,1,0,0,0,0,0,1,0,0,6,0,0,0,0,0,0,13,0,1,0,1,2,9,0,3,2,2,0,2,0,1,0,1,0,0,0,1,0,0,0,0,0,0,0,0,0,0,2,0,0,2,0,0,0,0,1,0,0,0,0,0,0,0,0,1,0,0,0,0,0,0,0,0,0,0,0,0,0,0,0,0,1,0,0,0,0,0,0,0,0,0,0,0,0,0,0,0,0,0,1,0,0,0,0,0,0
3068241300085100090,125,1,0,0,0,0,1,2,0,10,0,1,0,0,1,0,0,1,0,0,0,0,2,0,0,9,1,3,0,0,2,2,0,0,1,0,0,1,0,3,11,1,0,0,0,12,3,2,0,0,2,0,0,1,0,3,0,0,4,0,0,0,0,0,4,8,0,0,0,0,0,3,0,0,1,1,1,1,0,2,20,2,0,25,0,0,0,0,0,0,24,0,6,0,2,7,12,1,0,0,4,1,4,0,0,0,0,1,0,0,1,0,1,0,0,0,0,2,3,0,0,9,0,1,2,0,17,0,0,1,0,0,0,0,0,0,0,1,0,0,0,0,0,0,0,0,1,0,0,0,1,0,0,0,0,0,0,0,0,0,0,0,0,2,0,0,0,0,1,0,0,0,0,0,0,0,0,0,0,0
3068241300085100092,212,2,2,4,1,1,17,0,0,0,1,1,0,0,0,1,1,0,0,2,1,0,0,3,0,0,0,4,1,2,0,0,0,1,15,0,1,1,0,6,12,3,0,2,1,15,12,10,0,3,3,0,1,0,4,2,3,2,1,1,1,0,0,0,13,8,1,0,0,1,1,0,0,0,1,0,2,0,3,0,1,0,0,1,0,0,0,4,6,4,7,1,0,0,1,21,1,1,1,0,13,0,3,10,2,1,0,28,0,0,0,0,0,13,2,0,2,0,6,0,0,15,0,6,8,1,1,5,5,7,0,0,0,0,0,0,0,0,1,0,3,0,2,0,0,0,1,1,0,0,0,0,0,0,0,0,0,0,1,0,0,0,1,0,0,0,0,0,0,0,0,1,0,0,0,0,0,0,0,0
3068241300085100094,76,0,1,1,1,1,0,0,3,1,0,0,1,0,0,3,1,0,2,7,12,0,8,3,2,3,2,94,1,1,1,4,0,0,3,2,0,14,0,0,10,6,1,1,2,1,9,4,0,0,0,0,0,1,1,1,1,2,1,1,1,0,0,0,2,0,0,0,4,0,0,1,0,1,0,0,0,0,0,5,0,0,0,5,0,0,0,0,6,0,15,0,3,0,3,0,0,0,0,3,95,0,0,0,0,1,0,3,3,0,0,1,0,0,1,1,1,6,4,0,3,4,2,1,3,1,0,0,1,0,0,1,22,0,0,0,0,0,0,0,1,0,0,0,0,0,1,0,0,1,2,0,0,0,0,0,1,1,1,0,2,0,0,1,0,0,1,0,0,0,0,1,0,0,0,0,0,0,0,1
3068241300085100098,60,1,0,1,0,0,0,0,1,1,0,0,2,0,0,1,0,0,2,5,9,0,0,0,0,0,2,48,0,0,0,1,0,0,4,0,0,1,0,0,1,2,2,0,1,1,3,9,0,0,0,0,0,0,0,2,4,0,0,0,0,1,0,0,1,1,0,0,5,0,0,0,0,0,1,0,8,0,4,5,2,0,1,4,0,0,0,2,16,0,18,0,1,0,12,9,0,0,0,4,76,0,3,0,0,0,1,0,0,0,2,0,0,0,0,0,0,2,1,0,3,1,0,0,3,1,2,1,2,0,2,1,1,0,0,0,0,0,0,0,0,0,0,0,0,0,0,0,0,0,0,0,0,0,0,0,0,0,0,0,1,0,0,1,0,0,0,1,0,0,0,0,0,0,1,0,0,0,0,0
3068241300085100101,17,1,0,0,0,0,0,0,0,3,0,0,0,0,0,0,0,0,0,0,0,0,1,0,0,1,0,7,0,0,0,11,0,0,2,0,0,0,0,9,1,0,0,0,0,0,1,1,0,0,0,0,0,0,0,3,0,0,2,0,0,0,0,0,3,0,0,0,1,0,0,1,1,0,0,0,9,0,1,0,1,0,0,2,0,0,0,0,0,0,2,0,0,0,1,5,0,0,0,1,4,0,2,1,5,0,4,0,0,0,0,0,0,0,0,0,0,0,0,0,0,0,0,0,2,0,0,0,0,6,1,0,0,0,0,0,0,0,0,0,0,0,0,0,0,0,0,0,0,0,0,0,0,0,0,0,0,0,0,0,0,0,0,0,0,0,0,0,0,0,0,0,0,0,0,0,0,0,0,0
3068241300085100104,114,2,17,2,1,3,0,2,1,2,2,0,0,3,1,7,0,0,0,5,14,1,2,1,4,2,15,84,2,1,1,10,0,0,10,1,1,25,3,0,11,10,12,7,5,0,12,21,0,2,1,0,1,1,1,5,7,0,0,0,3,2,0,0,8,0,1,0,2,0,2,1,0,0,2,0,7,0,0,5,2,0,1,12,1,0,1,1,47,3,67,0,5,0,7,26,8,3,0,5,126,2,6,0,2,1,3,3,1,0,0,0,1,1,2,0,1,2,3,0,2,5,1,1,9,1,10,1,1,4,0,4,14,1,0,0,0,1,1,2,1,0,0,1,0,0,0,1,1,0,0,0,0,1,2,1,0,0,1,0,1,1,0,0,1,0,1,0,0,0,0,0,0,0,0,1,0,0,0,0
3068241300085100109,6,0,0,0,1,0,0,0,0,1,0,0,0,0,0,1,0,0,0,0,0,0,0,0,0,0,0,13,0,0,0,0,0,0,0,0,0,3,0,0,0,2,5,0,0,0,1,1,0,0,0,0,0,0,0,0,0,0,0,0,0,0,0,0,0,1,0,0,0,0,0,0,0,0,0,0,2,0,1,3,0,0,0,4,0,1,0,0,3,0,3,0,2,0,0,0,0,0,0,0,19,0,0,0,0,0,0,0,0,0,0,0,0,0,0,0,0,0,0,0,1,0,0,0,1,0,1,0,0,0,0,0,3,0,0,0,0,0,0,0,0,0,0,0,0,0,0,0,0,0,0,0,0,0,0,0,0,0,0,0,0,0,0,0,0,0,0,0,0,0,0,0,0,0,0,0,1,0,0,0
3068241300085100110,43,1,2,0,0,0,0,0,0,0,0,0,0,0,2,1,0,0,0,2,6,0,0,0,0,0,1,45,0,0,1,3,0,1,4,0,0,3,2,1,3,0,3,0,0,1,9,9,0,1,0,0,0,0,0,0,1,0,1,0,0,0,0,0,5,1,0,0,2,0,1,1,0,0,0,0,1,0,0,3,0,2,1,10,0,1,0,0,5,0,15,0,0,0,3,4,0,0,1,1,71,0,1,1,0,0,0,0,0,0,4,0,0,0,0,1,1,1,0,0,2,0,0,0,3,0,0,1,1,0,1,1,3,0,0,0,0,0,0,1,0,0,0,0,0,0,0,0,0,0,0,0,0,0,0,0,0,0,0,0,0,0,0,0,0,0,0,0,0,0,0,0,0,1,0,0,0,0,1,0
3068241300085100113,11,0,1,0,0,0,0,0,0,0,0,0,0,0,1,0,0,0,0,0,0,0,0,1,0,1,2,0,1,0,0,0,0,0,1,0,0,0,1,0,0,5,1,0,0,0,1,4,0,1,0,0,0,0,0,0,0,0,0,1,0,0,0,0,2,0,0,0,0,0,0,0,0,0,1,0,0,0,1,0,0,0,0,1,0,0,0,0,0,0,14,0,0,0,0,1,0,0,0,0,6,0,0,0,0,0,0,0,0,0,1,0,0,0,0,0,0,1,0,0,0,0,0,1,3,0,0,0,0,1,0,0,1,0,0,0,0,0,0,0,0,0,0,0,0,0,0,0,0,0,0,0,0,0,0,0,0,0,0,0,0,0,0,0,0,0,0,0,0,0,0,0,0,0,1,0,0,0,0,0
3068241300085100114,37,0,3,0,1,3,0,0,0,1,0,0,1,0,0,1,0,0,0,1,5,0,0,2,1,0,0,19,0,0,0,1,0,0,2,0,0,0,1,0,0,1,5,2,0,1,4,6,0,0,0,0,0,0,0,0,0,0,2,0,0,0,0,0,3,0,0,0,2,0,0,0,0,0,0,0,1,0,1,3,0,2,0,4,0,0,1,0,4,0,9,0,3,1,0,3,0,0,0,0,31,0,0,0,0,0,1,1,0,0,0,0,0,1,0,0,0,1,3,0,1,0,0,0,3,0,0,0,0,2,1,0,6,0,0,0,0,0,0,0,0,0,0,0,0,0,0,0,0,1,0,0,0,0,0,1,0,0,0,0,0,0,0,1,0,0,0,0,0,0,0,0,0,0,0,0,0,0,0,0
3068241300085100118,13,0,2,0,0,1,0,0,0,0,0,0,1,0,0,5,0,2,1,2,16,0,0,1,5,0,1,28,0,0,1,7,1,0,1,0,0,15,0,0,0,1,4,0,0,2,4,1,0,0,0,0,1,0,0,0,0,1,2,0,0,0,0,0,1,1,0,0,0,0,0,0,0,0,0,0,3,0,1,9,0,0,0,9,0,0,0,0,6,0,3,0,6,0,2,8,0,0,0,1,47,0,0,0,0,0,0,0,0,0,3,0,1,0,0,0,1,6,2,0,1,0,0,0,3,0,0,1,2,2,0,2,4,0,0,0,0,0,0,0,0,0,0,0,0,1,0,0,0,0,0,0,0,0,0,0,0,0,0,0,0,0,0,0,0,0,0,0,0,0,0,0,0,0,0,0,0,0,0,0
3068241300085100121,8,0,1,0,0,0,0,0,0,1,0,0,0,1,0,1,0,0,0,0,1,0,0,0,1,0,0,16,0,0,0,0,0,0,0,0,0,3,2,0,1,6,0,0,0,0,0,3,0,0,0,0,0,0,0,0,0,0,1,0,0,0,0,0,0,0,0,0,1,0,0,0,0,0,0,0,1,0,0,1,0,0,0,2,0,0,0,0,1,0,2,0,0,0,2,1,0,0,0,0,25,0,0,0,0,0,0,0,0,0,0,0,0,0,0,0,0,0,0,0,0,0,0,0,2,0,0,0,0,1,0,0,0,0,0,0,0,0,0,0,0,0,0,0,0,0,0,0,0,0,0,0,0,0,0,0,0,0,0,0,0,0,0,0,0,0,0,0,0,0,0,0,0,0,0,0,0,0,0,0
3068241300085100122,46,15,0,1,0,0,3,0,0,2,0,0,1,14,24,1,0,1,8,0,0,1,2,6,1,0,5,9,20,0,0,1,0,0,1,2,0,0,63,1,0,161,2,0,2,2,35,11,1,28,0,0,9,1,0,31,1,0,4,0,0,1,1,0,2,2,0,0,0,2,13,16,0,1,0,0,2,0,1,1,0,0,0,2,0,0,1,0,0,2,33,0,0,0,2,2,0,1,1,0,23,1,4,0,0,0,0,3,1,0,0,0,0,0,2,0,0,3,14,3,1,0,0,1,2,0,0,0,16,0,2,0,0,0,0,0,0,0,0,0,3,0,0,0,0,0,1,0,0,1,0,0,0,0,0,0,0,0,0,0,0,1,0,0,0,0,0,1,0,0,0,0,0,0,0,0,0,0,1,0
3068241300085100125,10,1,1,0,0,0,0,0,0,0,0,0,0,1,7,0,0,0,1,0,0,0,1,0,0,1,1,0,0,0,0,0,0,0,0,0,0,0,4,0,1,8,0,0,1,0,1,4,0,1,0,0,0,0,0,0,1,0,3,0,0,1,0,0,0,0,0,0,0,1,1,0,0,0,0,0,0,0,0,0,0,0,0,0,0,0,0,0,1,0,2,0,0,0,0,0,0,0,0,0,8,0,0,3,0,0,0,0,0,0,0,0,0,0,1,0,0,0,0,0,0,0,0,0,0,0,0,0,0,0,0,0,0,0,0,0,0,0,0,0,0,0,0,0,0,0,0,0,0,0,0,0,0,0,0,0,0,0,0,0,0,0,0,0,0,0,0,0,0,0,0,0,0,1,0,0,0,0,0,0
3068241300085100126,72,14,2,2,1,2,1,0,0,0,0,0,1,12,17,9,0,0,1,5,6,0,5,8,7,1,0,48,8,0,2,1,1,0,4,3,0,4,60,0,3,115,4,1,1,1,29,12,0,25,0,0,6,0,0,27,3,0,7,0,0,0,0,0,3,1,0,0,1,4,7,7,0,0,0,0,2,0,2,3,1,1,0,1,0,3,0,1,1,8,34,0,0,0,7,1,1,0,1,0,67,1,3,0,0,0,0,4,1,0,1,0,0,0,0,0,0,6,14,0,0,2,0,1,9,1,1,0,22,0,0,2,7,0,0,0,0,0,1,0,1,0,0,0,0,0,0,0,0,0,0,0,0,0,0,0,0,0,0,0,1,0,0,1,0,0,0,0,0,0,0,1,0,0,0,0,0,0,0,0
3068241300085100128,46,15,0,2,0,0,4,0,0,0,0,0,1,4,15,1,0,0,7,0,0,0,2,0,3,0,0,3,26,1,0,0,0,0,2,3,0,0,51,0,2,133,1,0,0,3,38,4,0,19,0,0,9,0,0,21,1,0,4,2,0,1,0,0,0,1,0,0,1,1,6,11,0,0,0,0,0,0,1,0,0,5,0,1,0,0,0,0,1,4,9,0,1,0,0,0,0,0,0,1,9,0,1,0,0,0,0,2,0,0,0,0,0,1,1,2,0,4,13,3,1,0,0,0,8,0,0,0,16,0,1,0,1,1,0,0,0,0,2,0,1,0,0,2,0,0,1,2,0,0,0,0,0,0,0,0,0,1,0,0,0,1,0,0,0,1,0,0,0,0,0,0,0,0,0,0,0,0,0,1
3068241300085100131,7,0,0,1,0,0,1,0,0,0,0,0,0,0,0,3,0,0,0,0,4,0,0,2,0,0,0,6,0,0,0,2,0,0,0,1,0,0,0,0,0,1,0,0,0,0,0,0,0,0,0,0,0,0,0,0,0,0,0,0,0,0,1,0,1,0,0,0,2,0,0,1,0,0,2,0,1,0,0,4,0,0,0,3,0,0,0,0,0,0,8,0,0,0,1,5,0,0,0,1,20,0,1,0,0,1,0,0,0,0,0,0,0,0,0,0,0,2,1,0,0,1,0,0,4,0,1,0,0,1,0,1,0,0,0,0,0,0,0,1,0,0,0,0,0,0,0,0,0,0,0,0,0,0,0,0,0,0,0,0,0,0,0,1,0,0,0,0,0,0,0,0,0,0,0,1,0,0,0,0
3068241300085100134,93,18,0,1,1,0,0,0,1,1,0,0,0,6,3,1,0,0,1,6,5,0,7,8,4,0,0,52,7,0,0,1,2,0,4,2,0,1,41,0,5,39,3,2,4,0,4,4,0,14,0,0,2,1,0,13,5,0,0,0,2,2,1,0,3,3,0,0,2,1,2,1,0,0,0,0,1,0,0,3,1,2,0,5,0,0,0,0,1,9,86,0,0,0,4,1,0,1,0,0,77,0,2,1,1,1,0,3,2,0,0,0,0,1,1,0,0,6,9,1,0,3,0,1,11,3,0,0,5,1,0,1,1,0,0,0,0,0,2,0,0,0,0,0,0,0,0,0,0,0,1,2,0,0,1,0,0,0,0,0,0,0,0,0,0,2,0,1,0,0,0,2,1,0,0,0,1,1,1,0
3068241300085100135,15,3,1,0,0,0,0,0,0,0,0,0,0,1,3,0,0,0,0,0,0,0,0,0,2,0,0,5,4,0,0,0,0,0,1,0,0,0,5,0,0,13,0,0,0,0,6,4,0,2,0,0,1,0,0,4,0,0,0,0,0,0,0,0,0,0,0,0,0,2,1,0,0,0,0,0,0,0,0,0,0,3,0,0,0,1,0,0,1,0,3,0,0,0,0,0,0,1,0,0,14,0,0,0,0,0,0,0,0,0,0,0,0,0,1,0,0,0,17,0,0,0,0,0,1,0,0,0,5,0,0,0,1,0,0,0,0,0,0,0,0,0,0,0,0,0,0,0,0,1,0,0,0,0,0,0,0,1,0,0,0,0,0,0,0,0,0,0,0,0,0,0,0,0,0,0,0,0,0,0
3068241300085100138,23,0,0,3,0,1,0,1,0,0,0,0,0,1,1,0,0,0,1,1,0,0,0,1,4,1,0,4,0,0,0,0,0,0,2,0,0,0,0,0,0,1,0,0,0,0,1,12,0,0,0,0,0,0,0,0,1,0,0,0,0,1,0,0,0,0,0,0,0,8,0,0,0,0,2,0,1,0,0,0,0,1,0,1,1,3,0,0,1,0,2,0,0,0,0,0,1,0,0,0,31,0,1,0,0,0,0,0,0,0,0,0,2,0,1,0,0,2,19,0,0,0,0,0,0,0,0,0,0,0,0,0,0,0,0,0,0,0,0,0,0,0,0,0,0,0,0,0,0,0,0,0,0,0,0,0,0,0,0,0,0,0,0,0,0,0,0,0,0,0,0,0,0,0,0,0,0,0,0,0
3068241300085100144,54,2,0,1,0,0,0,0,0,0,0,0,0,5,0,1,0,0,0,10,6,0,14,5,5,0,0,41,1,0,0,2,1,0,4,0,1,2,0,1,3,1,3,0,1,2,15,16,0,1,1,0,1,0,0,1,2,0,1,0,0,0,0,0,3,2,0,0,2,9,0,0,0,0,0,1,3,0,0,10,0,1,1,0,0,0,0,0,0,8,49,0,0,0,2,0,1,0,0,0,41,0,0,0,0,0,0,2,0,0,0,0,0,0,0,0,0,12,46,0,0,1,1,0,2,0,3,0,4,0,0,1,3,0,0,0,0,0,1,0,0,0,0,0,1,0,0,0,0,0,0,0,0,0,1,0,0,0,0,0,1,0,0,0,0,0,0,0,0,0,0,0,0,0,0,0,0,0,0,0
3068241300085100145,44,0,0,0,0,0,1,0,0,0,0,0,0,1,0,0,0,1,0,12,3,0,1,0,8,1,0,35,1,0,0,0,4,0,3,0,0,0,0,0,0,0,0,0,0,1,5,10,0,0,0,0,0,0,0,1,2,0,0,0,1,0,0,0,0,0,0,0,1,7,0,0,0,0,0,0,0,0,0,0,0,4,1,0,0,0,0,1,0,2,16,0,0,0,1,0,0,0,0,0,34,0,0,0,0,0,0,0,0,1,0,0,0,0,0,0,1,14,26,0,0,0,0,0,2,0,0,0,0,0,0,0,0,0,0,0,0,0,0,0,0,0,0,0,0,0,0,0,0,1,0,0,0,1,0,0,0,0,0,0,1,0,0,1,0,0,0,0,0,0,0,0,0,0,0,0,0,0,0,0
3068241300085200053,124,1,0,0,0,0,4,0,0,4,1,1,0,0,0,3,0,1,0,1,0,6,0,0,0,8,0,1,0,0,4,4,0,0,0,0,0,2,1,32,16,0,0,0,1,31,8,2,0,0,0,0,0,0,0,0,1,0,16,0,0,0,0,0,6,1,0,0,0,1,2,1,0,0,2,0,0,0,0,0,2,0,0,41,0,0,0,1,0,0,27,0,6,0,0,21,26,1,0,1,0,0,0,0,3,1,0,0,0,0,6,0,0,0,0,0,0,2,1,0,1,9,0,0,1,0,25,0,0,0,0,0,0,0,0,0,0,0,0,1,0,0,0,0,0,0,0,0,0,0,0,0,0,0,0,0,0,0,0,0,0,0,0,0,0,0,0,0,0,0,0,0,0,2,0,0,0,0,0,1
3068241300085200054,148,2,2,1,0,0,4,0,0,1,0,0,0,2,1,0,0,0,0,0,0,1,0,2,0,1,1,5,0,0,0,1,0,0,3,0,0,1,0,4,7,0,1,1,0,8,13,12,0,3,2,0,0,2,0,0,2,0,4,1,1,0,0,0,7,5,0,0,0,0,2,2,0,0,3,0,4,0,1,0,8,0,0,8,0,1,0,1,4,0,21,0,0,0,2,10,8,0,0,0,9,0,8,1,2,1,2,9,0,0,0,0,0,4,0,1,1,1,0,0,0,9,0,3,6,0,1,0,0,2,0,0,0,0,0,0,0,0,0,0,0,1,0,0,0,0,0,0,1,0,2,0,0,1,1,0,0,1,0,0,0,0,0,0,0,0,0,0,0,0,0,0,0,0,0,0,0,0,0,0
3068241300085200056,20,0,0,1,0,0,0,0,0,0,0,0,0,0,0,0,0,0,0,0,0,0,0,0,0,2,0,0,0,0,0,0,0,0,1,0,0,0,0,0,3,0,0,0,0,1,1,0,0,0,0,0,0,0,0,2,0,0,9,0,0,0,0,0,2,6,0,0,0,1,0,0,0,0,0,0,0,0,0,0,7,0,0,17,0,0,0,0,0,0,12,0,2,0,0,8,14,0,0,2,0,0,0,0,0,0,0,0,0,0,1,0,0,0,0,0,0,1,3,0,0,2,0,0,1,0,5,0,1,0,0,0,0,0,0,0,0,0,0,0,0,0,0,0,0,0,0,0,0,0,0,0,0,0,0,0,0,0,0,0,0,0,0,0,0,0,0,0,0,0,0,0,0,0,0,0,0,0,0,0
3068241300085200058,19,0,0,0,0,0,0,0,0,1,0,0,0,0,0,0,0,1,0,2,1,0,0,0,0,0,0,0,0,0,1,0,1,0,0,0,0,0,0,0,9,1,0,0,0,8,1,4,0,0,0,0,0,0,0,0,1,0,0,0,0,0,0,0,1,0,0,0,0,0,0,0,0,0,0,0,0,0,0,0,0,0,0,0,0,0,0,0,0,1,2,0,0,0,0,0,0,0,0,0,3,0,1,0,0,0,0,2,0,0,0,0,0,0,0,0,0,0,0,0,0,0,0,1,0,0,0,0,0,0,0,0,0,0,0,0,0,0,0,0,0,0,0,0,0,0,0,0,0,0,0,0,0,1,0,0,0,0,0,0,0,0,0,0,0,0,0,0,0,0,0,0,0,0,1,0,0,0,0,0
3068241300085200062,56,0,0,1,0,0,3,0,0,0,0,0,0,0,0,0,0,0,1,0,0,0,0,0,0,0,0,0,0,0,0,0,1,0,2,0,0,1,0,3,25,0,0,0,1,7,3,1,0,2,0,0,0,0,0,0,0,0,1,0,2,0,0,0,2,1,0,0,0,0,0,0,0,0,0,0,1,1,0,0,0,1,0,1,0,0,0,0,0,0,4,0,0,0,1,0,1,0,0,1,0,0,0,0,0,0,0,0,0,0,0,0,0,0,0,0,0,1,0,0,0,3,8,9,1,1,0,2,0,0,0,0,0,0,0,0,0,0,1,0,0,0,0,0,0,1,1,0,0,0,1,0,0,0,0,0,0,0,0,0,0,0,0,0,0,0,0,0,0,0,0,0,0,0,0,0,0,0,0,0
3068241300085200068,99,0,0,1,0,0,5,1,0,1,0,0,0,0,0,0,0,0,0,0,0,0,0,0,0,3,0,0,0,0,0,3,0,0,0,0,0,0,0,13,10,0,0,0,0,4,1,0,0,0,0,0,0,0,0,4,0,1,19,0,2,0,0,0,5,3,0,0,0,0,1,2,0,0,3,0,0,0,0,0,20,0,0,29,0,0,0,0,0,0,16,0,4,0,2,14,16,0,0,4,0,0,2,0,2,0,0,0,0,0,0,0,0,0,0,0,0,1,0,0,0,3,0,2,4,0,16,0,0,1,0,0,0,0,0,0,0,0,0,0,0,0,0,0,0,0,0,0,0,1,0,0,0,0,0,0,0,0,0,0,0,0,0,0,0,0,0,0,0,0,1,0,0,0,0,0,0,0,0,0
3068241300085200069,29,0,0,0,0,0,0,0,0,1,0,0,0,0,0,0,0,0,0,0,1,0,0,0,0,6,0,0,0,0,0,1,0,0,0,0,0,0,2,4,2,0,0,0,0,5,0,1,0,0,0,0,0,0,0,1,0,1,1,0,0,0,0,0,2,2,0,0,0,0,1,0,0,0,0,0,0,0,0,0,1,0,0,7,0,0,0,0,0,0,1,0,0,0,0,10,4,0,0,0,0,0,0,0,0,0,0,0,0,0,0,0,0,0,0,0,0,1,1,0,0,1,0,1,2,0,3,0,0,0,0,0,0,0,0,0,0,0,0,0,0,0,0,0,0,0,0,0,0,0,0,0,0,0,0,0,0,0,0,0,0,0,0,0,0,0,0,0,0,0,0,0,0,0,0,0,0,0,0,0
3068241300085200072,184,1,8,0,7,4,2,0,1,3,0,0,2,0,1,13,1,1,1,7,24,1,2,2,2,1,0,56,0,2,2,4,5,0,20,1,1,4,1,0,7,5,1,6,1,4,13,53,1,0,1,0,2,0,2,1,1,0,5,0,8,2,0,0,13,2,1,0,4,0,1,1,4,0,0,1,20,1,7,3,21,5,3,12,1,0,0,1,4,1,29,0,14,2,10,4,8,7,2,1,53,0,19,9,3,19,1,2,1,1,2,0,0,0,0,0,4,7,0,0,6,12,0,2,18,1,5,0,1,6,0,0,14,0,1,0,0,0,0,0,0,0,0,0,0,0,0,1,2,1,0,0,0,0,0,0,0,0,0,1,3,0,2,1,0,0,1,0,0,1,0,1,0,0,2,0,0,0,1,1
3068241300085200076,291,1,0,2,0,0,7,2,0,31,0,0,0,1,1,1,0,1,0,1,2,0,0,0,1,20,3,1,1,0,6,2,0,2,4,0,0,1,2,23,19,3,0,0,0,14,5,1,0,0,0,0,0,0,0,16,0,1,17,1,3,0,0,0,7,14,0,0,1,0,2,0,0,0,1,0,2,4,0,0,38,0,0,62,0,0,0,1,2,1,44,0,8,0,2,21,36,0,0,1,3,0,0,0,0,0,1,1,0,0,2,0,0,1,0,0,0,7,4,1,5,9,1,1,4,0,17,0,2,1,0,0,0,0,0,0,0,0,0,0,0,0,0,0,0,0,0,0,0,0,1,0,0,0,0,1,0,0,0,0,0,0,0,0,0,0,0,0,0,0,0,0,0,0,0,0,1,0,0,0
3068241300085200077,83,0,0,0,0,1,1,0,0,2,0,2,0,0,0,0,0,0,0,0,0,0,0,0,0,4,0,1,1,0,0,0,0,0,1,0,0,0,0,6,6,0,0,0,0,7,1,0,0,2,0,0,1,0,0,1,1,0,6,0,2,0,0,0,3,17,0,0,2,0,1,0,0,0,1,0,0,1,0,0,14,0,0,16,0,0,0,0,0,1,11,0,3,1,0,15,11,0,1,0,1,0,0,1,0,0,0,0,0,0,1,0,0,0,0,0,0,0,1,0,0,5,0,2,2,0,6,0,0,0,0,0,0,0,0,0,0,0,0,0,0,0,0,0,0,0,0,0,0,0,0,0,0,1,0,0,0,0,0,0,0,0,0,0,0,0,0,0,0,0,0,0,0,0,0,0,0,0,0,0
3068241300085200078,16,0,5,0,0,0,0,0,0,1,0,0,0,0,0,0,0,0,0,0,0,0,2,0,1,1,0,2,0,0,0,0,0,0,3,0,0,0,0,0,2,1,0,0,1,1,1,11,0,0,2,0,0,0,0,1,0,0,1,0,1,0,0,0,3,0,1,0,0,0,0,0,0,0,0,0,0,0,5,0,0,2,0,0,0,0,0,2,2,0,8,0,0,0,2,0,0,1,0,1,1,0,4,1,0,1,1,2,0,0,0,0,0,1,0,0,2,0,2,0,0,6,0,1,1,0,1,1,0,0,0,0,0,0,0,0,0,0,0,0,0,0,0,0,0,0,0,0,0,0,0,0,0,0,0,0,0,0,0,0,0,0,0,0,0,0,0,0,0,0,0,0,0,0,1,0,0,0,0,0
3068241300085200080,72,0,0,4,0,0,1,0,0,1,0,0,0,0,0,0,0,0,0,1,0,0,0,0,1,4,0,0,0,0,1,0,0,0,0,0,0,0,0,6,4,0,0,1,0,7,1,1,0,0,0,0,0,0,0,3,2,0,4,0,0,0,0,0,2,14,0,0,0,0,0,0,0,1,0,0,0,1,0,1,8,0,0,17,0,0,0,0,0,0,10,0,4,0,1,10,10,0,0,2,0,0,1,0,0,0,0,0,0,0,2,0,1,0,1,0,0,1,2,0,0,1,1,1,1,0,10,0,1,0,0,0,0,0,0,0,0,0,0,0,0,0,0,0,0,0,0,0,0,0,0,0,0,0,0,0,0,0,0,0,0,0,0,0,0,0,0,0,0,1,0,0,0,0,0,0,0,0,0,0
3068241300085200081,36,0,0,1,0,0,0,0,0,1,0,0,1,0,0,3,0,0,0,4,9,0,3,1,1,0,0,44,0,0,1,3,2,0,4,1,0,4,2,0,4,1,2,0,0,0,3,1,0,0,0,0,0,0,0,1,1,1,0,0,0,0,0,0,1,0,0,0,7,0,0,1,1,0,2,0,2,0,0,3,1,0,0,1,0,0,0,1,0,2,11,0,1,0,1,0,0,0,0,0,51,0,1,0,1,0,0,0,0,1,0,0,1,0,0,0,0,2,1,0,1,3,1,0,0,0,0,2,1,0,0,0,5,0,0,0,0,0,0,0,0,0,1,0,0,0,1,0,0,0,0,0,0,0,0,0,0,0,0,0,1,0,0,0,0,0,0,0,0,0,1,0,0,0,0,1,0,0,0,0
3068241300085200082,42,0,7,1,2,0,0,0,0,1,0,0,1,1,1,1,0,0,1,0,4,0,3,1,2,1,1,20,0,0,0,1,0,0,5,0,0,8,0,0,2,1,0,4,1,2,5,17,0,0,2,0,0,0,0,0,0,0,0,0,1,0,0,0,4,0,0,0,0,0,0,1,1,0,0,1,1,0,0,0,0,0,0,2,0,0,0,1,13,0,10,0,10,0,2,2,1,0,1,0,38,0,8,1,0,9,2,4,1,0,1,0,0,1,1,0,4,1,1,0,0,1,1,0,2,1,2,0,0,2,1,1,2,0,0,0,0,0,0,1,0,0,0,0,0,0,0,0,0,0,1,0,0,0,0,0,0,0,0,0,0,0,0,1,0,1,0,0,1,0,0,0,0,0,0,0,0,0,0,0
3068241300085200083,39,0,0,2,1,0,0,0,0,14,0,0,2,0,0,0,0,1,0,0,0,0,0,0,0,2,1,2,2,0,0,0,1,0,0,0,0,0,0,3,6,2,1,0,1,1,1,0,0,0,0,0,0,0,0,2,1,0,1,0,0,0,0,0,5,0,0,0,0,0,0,0,0,0,0,0,1,0,1,0,0,0,0,5,0,1,0,0,0,0,7,0,0,0,0,2,3,0,0,1,2,0,0,0,2,0,2,0,0,1,0,0,0,0,0,0,0,2,0,0,0,0,0,0,4,0,2,0,0,0,0,0,0,0,0,0,0,0,0,0,0,0,0,0,0,0,0,0,0,0,0,0,0,0,0,0,0,0,0,0,0,0,0,0,0,0,0,0,0,0,0,0,0,0,0,0,0,0,0,0
3068241300085200084,125,1,0,0,0,0,3,0,1,19,0,1,0,0,0,0,0,1,0,0,0,0,0,0,0,8,0,0,0,1,2,1,0,0,4,0,0,0,0,7,12,0,0,4,0,6,2,1,0,1,1,0,0,0,0,5,1,0,0,0,1,0,0,0,6,8,0,0,0,0,1,0,0,0,1,0,1,0,0,0,40,0,0,10,1,0,0,0,0,1,28,0,7,0,3,3,19,0,0,2,3,0,1,0,1,0,0,0,0,1,2,0,0,0,0,0,0,2,1,0,1,5,1,1,2,0,8,0,1,0,0,0,0,0,0,0,0,0,0,0,0,0,0,0,0,0,0,0,0,0,0,1,1,0,0,0,0,0,0,0,0,0,0,0,0,0,0,0,0,0,0,0,0,0,0,0,0,0,0,0
3068241300085200087,18,0,2,0,1,0,0,0,0,0,0,0,0,0,0,0,0,0,1,0,0,1,1,0,0,0,0,6,0,0,0,0,0,0,2,0,0,0,0,1,0,0,0,1,0,2,0,4,0,0,2,0,0,0,0,0,0,0,0,0,0,0,0,1,1,0,2,0,0,0,0,0,0,0,1,0,5,0,0,0,1,0,0,0,0,0,0,1,1,0,4,0,0,0,2,0,0,0,4,0,6,0,1,2,0,2,1,1,0,0,0,0,0,0,1,0,1,0,0,0,0,1,0,0,2,0,0,1,0,4,0,0,0,0,0,0,0,0,0,0,0,0,0,0,0,0,0,0,0,0,0,0,0,0,0,0,0,0,0,0,0,0,0,0,0,0,0,0,0,0,0,0,0,0,0,0,0,0,0,0
3068241300085200089,165,0,9,0,5,2,1,2,0,1,0,0,3,0,1,6,0,0,1,4,15,3,5,2,2,0,2,81,3,1,3,4,0,1,13,2,0,9,5,1,6,2,7,6,1,2,10,42,1,1,2,0,0,1,1,1,0,1,0,0,3,0,0,0,6,1,0,0,4,0,2,0,1,0,0,0,10,0,5,3,6,2,1,15,1,0,0,2,32,1,21,0,7,0,16,3,5,0,1,1,104,1,7,3,1,15,5,1,0,0,3,0,0,2,0,0,4,3,2,0,0,1,2,1,10,0,4,0,2,6,0,7,11,0,0,1,0,0,0,0,0,0,0,0,0,0,0,0,0,0,0,0,0,0,0,0,0,1,0,0,0,0,0,1,0,0,0,0,0,0,0,0,0,0,0,0,0,0,0,0
3068241300085200090,104,0,0,0,2,0,0,0,0,25,0,0,1,0,0,1,0,2,0,1,1,5,6,0,0,6,0,39,1,0,2,7,2,0,9,1,1,2,0,15,1,1,0,0,3,4,3,10,0,0,2,0,0,0,2,9,2,0,1,0,0,0,0,0,12,3,0,0,3,0,0,0,2,0,2,3,11,0,1,2,2,3,1,12,0,1,0,0,3,1,35,0,0,0,4,34,2,2,3,1,35,0,18,1,15,1,3,1,0,0,3,0,2,1,0,0,1,4,1,0,3,1,0,2,8,1,1,0,1,4,1,0,2,0,0,0,0,0,0,0,0,0,0,0,0,0,1,0,0,0,0,1,0,0,0,0,0,0,0,0,2,1,0,0,0,0,0,0,0,1,0,0,0,0,0,0,0,0,0,0
3068241300085200091,107,1,4,0,1,0,6,0,0,0,0,0,0,0,3,0,0,0,0,0,1,0,1,0,0,0,1,3,1,0,0,3,0,0,2,0,0,4,1,1,1,2,1,0,0,10,3,8,0,1,0,0,0,0,0,0,0,0,1,2,0,1,0,0,6,2,0,0,0,0,2,0,0,0,0,0,0,0,1,0,1,0,0,0,0,0,0,3,2,0,6,0,2,1,1,12,1,1,0,0,5,1,1,2,0,0,1,6,1,0,0,0,0,2,3,0,2,1,5,0,0,6,0,0,3,0,0,2,2,1,0,0,2,0,0,0,0,0,0,0,0,0,0,0,0,0,0,0,0,0,0,0,0,0,0,0,0,0,0,0,0,0,0,0,0,0,0,0,0,0,0,0,0,0,0,0,0,0,0,0
3068241300085200092,184,0,0,3,0,0,3,0,0,4,0,1,0,0,3,1,0,0,0,1,0,0,0,1,1,4,0,4,1,0,3,0,0,0,6,0,1,0,0,6,15,1,0,0,0,17,2,13,0,0,1,0,0,0,0,1,2,0,2,0,1,0,1,0,6,8,3,1,0,2,0,0,0,0,2,0,1,0,0,0,8,2,0,14,0,0,0,3,5,0,39,0,1,0,1,6,4,0,0,1,24,1,4,2,2,0,0,12,0,0,1,0,1,0,1,0,2,2,0,0,0,12,2,1,2,0,3,6,3,3,0,0,0,0,1,0,0,0,0,0,0,0,0,0,0,0,0,0,0,0,0,0,0,0,0,0,1,0,0,0,1,1,0,0,0,0,0,0,0,0,0,0,0,0,0,1,0,0,0,0
3068241300085200096,130,12,1,0,1,0,2,0,0,3,0,0,1,9,3,6,0,0,0,11,9,0,16,10,2,0,3,55,4,1,2,6,6,0,4,5,0,26,26,0,32,34,11,2,11,0,24,1,0,25,0,0,4,1,0,7,3,1,8,1,0,6,0,0,18,2,0,1,3,1,1,3,0,0,1,0,12,0,1,9,0,0,4,26,0,0,0,1,5,0,77,0,7,0,6,4,1,1,0,4,67,2,3,3,1,1,0,4,0,0,0,0,0,3,2,0,0,6,7,0,0,2,1,0,18,3,4,3,5,2,0,0,14,0,0,1,0,0,0,1,1,0,0,0,1,0,2,0,0,1,0,0,0,0,0,0,1,0,1,0,0,0,1,1,0,0,0,0,1,0,0,0,0,0,0,1,0,0,1,0
3068241300085200099,23,1,0,0,0,0,0,0,0,4,0,0,0,0,0,0,0,0,0,0,0,0,0,0,0,1,0,0,0,0,0,0,0,0,0,0,0,0,0,1,1,0,0,0,0,0,3,1,0,0,1,0,0,0,0,0,0,0,0,0,0,0,0,0,1,0,0,0,0,0,0,1,0,0,0,0,0,0,0,0,0,0,0,3,0,0,0,0,1,0,5,0,1,0,0,2,1,0,0,0,0,0,0,0,1,0,0,1,0,1,0,0,0,0,0,0,0,0,1,0,0,2,0,0,1,0,0,0,0,0,0,0,0,0,0,0,0,0,0,0,0,0,0,0,0,0,0,1,0,0,0,0,0,0,0,0,0,0,0,0,0,0,0,0,0,0,0,0,0,0,0,0,0,0,0,0,0,0,0,0
3068241300085200100,89,2,2,0,0,1,4,0,0,0,1,1,0,0,0,2,0,0,0,0,1,0,0,3,1,0,1,12,0,1,0,1,0,0,2,1,0,4,1,4,8,5,1,1,2,4,4,8,0,2,2,0,0,1,2,0,0,1,2,0,1,0,0,1,5,1,0,0,0,0,0,0,1,0,0,0,3,0,1,3,0,0,0,1,0,0,0,2,5,1,31,0,7,0,7,7,6,0,1,0,23,0,2,1,0,0,1,9,0,1,0,0,0,7,0,0,0,0,1,0,0,10,1,2,12,0,1,1,1,3,0,1,1,0,0,0,0,0,1,0,0,0,0,0,0,0,0,0,0,0,0,0,0,0,0,0,0,0,0,0,0,0,1,0,0,0,0,0,0,0,0,0,0,0,0,0,0,0,0,0
3068241300085200103,17,0,0,0,0,0,0,0,0,0,0,0,0,0,0,0,0,0,0,0,0,0,0,0,1,0,0,7,0,1,0,0,0,0,0,0,0,1,0,0,0,0,0,0,0,0,0,1,0,0,0,0,0,0,0,0,1,0,0,0,0,0,0,0,0,0,0,0,0,0,0,1,0,0,0,0,1,0,0,1,0,0,0,0,0,0,0,0,12,1,2,0,0,0,0,1,2,0,0,0,10,0,1,0,0,0,1,0,0,0,0,0,0,0,0,0,0,0,0,0,0,0,0,0,1,0,0,0,0,1,0,0,0,0,1,0,0,0,0,0,0,0,0,0,0,0,0,0,0,0,0,0,0,0,0,0,1,0,0,0,0,0,0,0,0,0,0,0,0,1,0,0,0,0,0,0,0,0,0,0
3068241300085200104,2,0,0,0,0,0,0,0,0,0,0,0,0,0,0,1,0,0,0,0,2,0,0,0,0,0,0,3,0,0,0,0,0,0,0,0,0,1,0,0,0,1,0,0,0,0,0,1,0,0,0,0,0,0,0,0,0,0,0,0,0,0,0,0,0,0,0,0,0,0,0,0,0,0,0,0,2,0,0,0,0,0,0,0,0,0,0,0,0,0,2,0,1,0,0,1,0,0,0,0,6,0,0,0,0,0,0,0,0,0,0,0,0,0,0,0,0,0,0,0,0,0,0,0,1,1,0,0,0,0,0,0,0,0,0,0,0,0,0,0,0,0,0,0,0,0,0,0,0,0,0,0,0,0,0,0,0,0,0,0,0,0,0,0,0,0,0,0,0,0,0,0,0,0,0,0,0,0,0,0
3068241300085200105,102,15,15,0,3,1,2,0,0,0,0,2,3,2,5,0,0,0,1,3,0,2,2,5,0,0,12,2,3,0,0,2,3,1,19,3,2,7,14,1,6,24,4,4,2,2,5,14,0,39,0,0,2,0,2,10,1,0,4,0,0,1,1,0,12,2,0,0,0,0,2,2,0,1,1,0,5,0,3,1,1,0,0,2,0,0,0,1,12,1,92,0,22,1,12,15,3,6,0,2,20,1,4,2,0,1,0,5,0,0,0,0,3,1,2,0,1,6,3,0,0,1,1,0,27,1,11,4,0,3,2,2,4,0,0,0,0,0,0,0,2,0,1,0,0,0,1,0,0,1,0,0,1,0,0,0,0,0,1,0,0,0,1,0,0,0,0,0,0,0,0,0,0,1,0,0,0,0,0,1
3068241300085200107,42,0,0,1,0,0,0,0,0,2,0,0,0,7,3,5,1,0,1,2,6,0,4,2,2,0,1,27,0,0,0,4,1,0,2,2,0,13,4,1,5,23,4,0,1,1,9,4,0,5,0,0,0,0,1,2,0,0,2,0,0,1,0,0,5,1,0,0,1,0,0,3,0,1,0,0,4,0,0,9,0,0,0,8,0,0,0,0,3,0,23,0,0,0,3,2,0,0,0,1,31,0,2,0,0,0,0,4,0,1,1,0,0,0,0,0,0,5,2,0,1,7,3,0,4,0,3,0,2,0,0,0,7,0,0,0,0,0,1,0,0,0,0,0,1,0,1,0,0,0,0,0,0,0,0,0,0,0,1,0,1,0,0,0,0,0,1,0,0,0,0,0,0,0,0,0,0,0,0,0
3068241300085200108,132,20,15,2,2,2,2,0,1,8,0,0,2,7,21,2,1,0,7,4,15,0,7,3,3,0,27,48,14,1,1,3,1,0,2,10,0,14,47,2,7,110,22,0,4,1,43,13,0,35,0,0,2,3,0,25,2,2,6,0,2,10,0,0,13,0,0,2,3,0,3,4,0,0,1,0,3,0,0,5,5,0,1,3,1,0,1,2,20,3,71,0,7,0,9,21,0,4,0,10,96,4,1,8,0,3,0,6,0,0,0,0,0,3,3,2,0,5,5,2,4,2,5,2,35,0,8,6,21,1,1,3,1,0,1,0,0,0,1,0,0,0,0,1,0,1,1,0,0,2,0,0,0,0,2,2,0,0,0,0,1,1,0,0,1,0,0,0,0,0,0,1,1,0,0,0,0,0,0,2
3068241300085200110,93,22,5,1,1,0,2,0,0,2,0,0,1,7,38,1,0,1,16,2,0,0,5,1,1,0,13,8,51,0,0,1,2,0,0,6,1,1,128,1,2,249,7,0,1,3,80,15,1,75,0,0,8,0,0,37,0,0,6,0,0,8,0,1,4,1,0,0,1,7,23,13,0,0,2,1,3,0,0,0,0,1,0,0,0,2,0,0,0,4,49,0,1,0,3,1,0,0,1,1,44,3,3,3,0,0,0,7,0,1,0,0,0,1,4,2,0,5,9,4,0,0,0,1,22,0,1,1,42,1,0,0,1,0,0,0,1,1,1,0,1,0,1,1,0,1,3,3,1,0,0,0,0,0,0,1,0,1,0,1,0,0,0,0,0,1,0,0,0,0,1,1,2,0,0,0,0,0,0,1
3068241300085200116,79,20,0,1,1,0,1,0,0,0,0,1,0,6,32,0,0,1,8,1,0,2,1,0,6,1,19,5,47,0,1,1,2,0,1,2,0,2,95,0,0,239,3,1,5,10,54,8,1,35,0,1,12,0,0,27,2,0,9,2,0,3,1,0,0,0,2,0,0,5,21,29,0,2,0,0,0,0,2,1,0,2,0,0,0,0,0,0,1,3,9,0,0,0,4,3,1,0,0,2,23,2,4,0,0,0,0,4,0,0,0,0,1,0,2,6,0,9,16,0,0,0,0,1,14,0,4,0,26,0,2,0,0,0,1,0,1,1,0,0,1,0,0,0,0,0,2,0,0,1,0,0,0,1,1,0,0,0,0,0,0,0,1,0,1,0,0,0,0,0,0,0,0,1,0,0,0,1,0,0
3068241300085200117,76,0,0,39,0,0,0,0,6,1,0,1,0,0,4,1,0,0,0,0,0,0,0,0,0,0,0,13,0,12,0,1,6,4,0,0,0,0,0,0,1,1,1,0,0,1,4,7,0,6,1,0,0,1,0,1,1,1,4,0,0,0,2,0,0,0,0,0,0,0,0,1,0,0,29,0,0,0,0,1,0,0,0,3,1,0,0,2,5,3,4,0,1,0,1,1,0,0,0,1,28,1,5,1,0,0,0,0,0,1,0,0,0,0,0,0,0,20,5,0,2,1,2,7,2,0,1,0,0,1,0,0,2,0,0,0,0,0,0,0,1,0,0,1,0,0,0,0,0,0,0,0,0,0,0,0,0,0,0,0,0,0,0,0,0,0,0,0,0,0,0,0,0,0,1,0,0,0,0,0
3068241300085200121,83,14,1,0,1,1,1,0,0,1,0,0,0,10,19,0,0,0,8,2,0,2,3,1,1,0,26,18,25,1,2,1,1,0,4,6,0,3,45,2,1,111,4,0,10,3,23,31,0,28,0,0,5,0,0,12,0,0,8,0,0,2,0,0,8,0,0,0,0,5,9,11,0,1,0,0,0,0,0,0,1,2,1,0,0,1,0,0,1,1,13,0,2,0,8,5,0,0,0,1,28,4,3,1,0,1,0,6,0,0,0,0,0,1,1,2,0,2,23,2,0,1,2,1,12,0,9,3,22,2,1,0,1,0,0,0,0,0,0,1,1,0,0,0,0,0,3,0,0,1,0,0,0,0,1,0,0,0,0,0,0,0,0,0,0,0,0,0,0,0,0,0,0,0,1,0,0,0,0,0
3068241300085200123,65,4,2,0,1,0,4,0,0,2,0,1,0,2,11,0,0,1,1,2,2,1,0,0,3,0,13,7,9,2,1,1,0,0,1,10,0,3,24,1,2,60,4,1,3,0,24,19,0,17,0,0,0,0,0,14,1,0,3,0,0,5,0,0,8,0,0,0,0,2,2,4,0,1,0,0,1,0,0,2,0,5,0,0,0,1,0,0,6,0,13,0,0,0,3,1,1,0,0,2,20,0,1,1,0,0,0,2,0,1,0,0,0,0,0,0,0,2,11,1,0,0,2,1,14,1,6,0,14,2,0,0,0,0,0,0,0,0,1,0,0,0,0,0,0,0,0,0,0,0,1,0,0,1,0,0,0,0,0,0,0,0,0,0,0,0,0,1,0,0,0,0,0,0,0,0,0,0,0,0
3068241300085200125,24,1,2,0,0,0,0,0,0,1,0,0,0,2,2,0,0,0,2,0,1,0,1,0,0,0,2,8,1,0,0,1,0,0,1,3,0,2,10,0,1,24,3,0,0,0,5,6,0,3,0,0,3,0,0,2,2,0,1,1,0,1,0,0,1,0,1,0,0,0,0,1,0,0,0,0,0,0,1,0,0,0,0,2,0,1,0,0,1,0,10,0,1,0,3,0,0,0,0,1,12,0,1,1,0,0,0,1,0,1,0,0,0,0,0,1,0,1,1,0,0,0,2,0,4,1,1,1,5,1,0,0,1,0,0,0,0,0,0,0,0,0,0,0,0,0,0,1,0,0,0,0,0,0,0,0,0,0,0,0,0,0,0,0,0,0,0,0,0,0,0,0,0,1,0,0,0,0,0,0
3068241300085200126,61,22,0,1,0,0,0,0,0,1,1,0,0,16,0,2,0,1,0,5,4,0,4,12,7,0,1,35,2,1,0,2,3,0,2,1,0,2,14,2,0,16,2,1,4,0,11,9,0,9,1,2,2,0,0,14,1,0,2,0,1,2,1,1,6,2,0,0,1,10,0,3,0,0,3,0,5,0,0,2,0,7,0,1,0,0,0,1,0,8,67,0,0,0,2,1,0,0,0,0,42,1,0,0,0,0,0,9,0,0,0,0,0,0,1,0,0,9,18,1,0,0,0,1,14,4,3,0,4,1,0,0,5,0,0,0,0,0,0,0,0,0,0,0,0,0,1,0,0,0,1,0,0,0,0,0,0,1,1,0,0,0,0,0,0,0,0,0,0,0,0,0,1,0,1,0,0,1,0,0
3068241300085200127,83,24,1,0,0,0,1,0,0,0,0,1,0,16,0,2,0,1,0,10,4,0,7,18,2,0,1,51,3,0,0,3,0,0,5,3,0,1,19,0,1,21,2,3,3,0,7,12,1,12,0,0,4,0,1,26,1,0,6,0,1,0,0,0,7,11,0,0,3,3,3,0,0,0,2,0,10,0,1,3,0,5,0,2,0,0,0,0,0,10,119,0,0,0,2,2,0,0,0,0,62,0,3,0,1,0,1,6,0,1,0,0,0,0,1,0,0,17,18,2,0,0,0,2,16,1,0,0,1,1,0,1,3,0,0,0,0,0,3,0,0,0,0,1,0,0,0,0,0,0,0,0,0,0,0,0,0,1,1,0,1,0,0,1,0,0,0,0,0,0,0,1,1,0,0,0,0,0,1,0
3068241300085300048,19,0,1,0,2,0,0,1,0,1,0,0,0,0,0,0,0,0,0,0,0,0,0,0,0,0,0,0,0,0,0,0,0,0,0,0,0,0,0,0,4,0,0,0,1,1,0,2,0,0,0,0,0,0,0,0,0,0,0,0,2,0,0,0,3,0,1,0,0,1,0,0,0,0,0,0,1,0,2,0,1,1,0,0,0,0,0,0,1,0,5,0,0,0,0,0,0,0,0,0,1,0,1,0,0,4,0,1,0,0,0,0,1,0,0,0,0,0,2,0,0,4,3,0,1,0,3,0,0,3,0,0,0,0,0,0,0,0,0,0,0,0,0,0,0,0,0,0,0,0,0,0,0,0,0,0,0,0,0,0,0,0,0,0,0,0,0,0,0,0,0,0,0,0,0,0,0,0,0,0
3068241300085300095,142,38,0,3,3,0,1,0,1,0,0,0,0,18,0,9,0,1,1,11,9,1,12,28,6,1,0,104,6,1,3,1,5,0,14,1,0,0,44,1,6,12,2,6,1,2,17,17,0,20,0,0,8,0,3,36,3,1,10,1,1,6,2,0,11,12,1,0,4,3,2,4,0,1,1,0,20,1,4,3,0,4,0,0,0,0,0,1,1,13,156,0,1,0,14,3,1,1,0,0,134,0,5,2,1,1,0,34,0,0,0,0,0,2,1,1,0,32,33,1,1,0,0,2,7,5,2,1,1,5,1,0,1,0,1,0,0,2,0,0,0,0,0,0,1,1,0,0,0,1,0,0,1,0,0,0,0,0,0,0,1,0,1,1,0,0,1,0,0,0,0,1,0,0,0,0,1,0,0,0
3068241300086100094,113,1,0,0,0,0,11,0,0,1,1,1,0,2,3,0,0,0,0,1,1,0,1,1,0,0,0,3,0,1,1,0,0,0,12,0,0,1,1,1,2,1,0,0,5,17,7,12,0,0,4,0,1,0,3,0,0,1,0,0,0,0,0,1,12,1,0,0,0,0,0,1,0,0,1,0,2,3,0,1,2,0,0,1,0,1,0,3,5,3,16,0,0,0,2,11,3,2,2,0,23,0,7,3,1,4,1,23,1,2,0,0,1,12,0,0,1,0,4,0,0,7,0,2,7,0,0,4,4,3,0,1,1,0,0,0,0,0,0,0,1,0,0,0,0,1,1,0,0,0,0,0,0,0,0,0,0,0,0,0,0,0,0,0,0,0,2,0,0,0,0,0,0,0,0,0,1,1,0,0
3068241300086100095,8,0,0,0,0,0,0,0,0,0,0,0,0,0,0,3,0,0,0,4,1,0,0,0,0,0,0,6,0,0,0,0,3,0,0,0,0,1,0,0,0,1,1,0,1,0,0,1,0,0,0,0,0,0,0,0,0,0,0,0,0,0,0,0,0,0,0,0,0,0,0,1,0,1,0,0,2,0,0,0,0,0,0,0,0,0,0,0,0,1,7,0,0,0,0,0,0,0,0,0,4,0,0,0,0,0,0,0,0,0,0,0,0,0,0,0,0,6,1,0,0,0,0,0,2,0,0,0,0,0,0,0,1,0,0,1,0,0,0,0,0,0,0,0,0,0,0,0,1,0,0,0,0,0,0,0,0,0,0,0,0,0,0,0,0,0,0,0,0,0,0,0,0,0,0,0,0,0,0,0
3068241300086100097,46,0,3,1,0,1,2,1,0,1,0,0,2,0,1,1,1,0,1,2,6,0,2,1,1,0,0,36,2,3,1,2,0,0,1,1,1,8,0,0,4,3,1,0,0,4,1,7,0,0,0,0,0,1,0,1,0,0,1,0,0,0,0,0,3,1,1,1,3,0,0,3,1,0,1,0,10,0,0,0,0,1,0,11,1,0,0,0,25,0,16,0,1,0,7,9,2,0,0,0,46,0,2,0,1,1,2,0,0,0,7,0,2,1,0,0,2,2,0,0,1,1,2,1,9,0,1,0,2,3,1,2,1,0,0,0,0,0,0,0,0,0,0,0,0,0,0,0,0,0,0,0,0,0,0,0,0,0,0,0,2,0,0,0,0,0,0,0,0,0,0,0,0,0,0,0,0,0,0,0
3068241300086100102,59,1,7,0,5,0,0,0,0,1,0,0,2,0,0,0,0,0,0,2,3,2,1,0,0,0,0,13,1,0,1,1,0,0,14,0,1,1,3,0,2,4,0,0,0,0,3,16,0,3,2,0,0,0,0,0,0,0,2,0,1,0,0,0,7,0,2,0,0,0,0,0,2,0,0,0,9,0,4,4,13,2,0,5,0,0,0,1,8,0,26,0,1,0,2,1,1,1,0,2,35,0,12,0,0,6,0,3,2,0,0,0,1,1,1,0,5,1,1,0,1,2,0,0,11,0,1,1,0,3,0,0,0,0,1,0,0,0,0,0,0,0,0,0,0,0,0,0,0,0,0,0,0,0,0,0,0,0,0,0,1,0,0,0,0,1,0,0,0,0,0,0,0,0,1,0,0,1,0,0
3068241300086100103,39,2,2,1,0,1,0,0,2,1,1,0,2,2,1,3,0,0,0,2,8,0,0,2,0,0,2,80,0,2,1,6,1,0,3,1,0,15,4,0,1,2,1,1,1,1,9,16,0,1,1,0,0,4,0,5,3,4,0,0,0,1,0,0,5,1,0,0,2,0,2,1,0,0,0,0,9,0,1,5,0,0,0,8,5,0,0,3,25,0,25,0,2,0,3,8,1,0,0,6,101,2,6,0,0,1,6,0,1,2,7,0,18,1,1,0,0,3,3,0,0,0,3,9,9,0,0,1,0,1,12,3,8,0,0,0,0,0,0,0,0,0,0,0,0,0,0,0,0,0,0,0,1,0,0,0,1,0,0,0,0,0,0,0,0,0,0,0,0,0,0,0,0,0,0,0,0,0,0,0
3068241300086100106,81,15,14,0,1,0,5,0,0,0,0,0,0,13,23,0,0,0,3,3,2,0,2,5,0,0,13,6,14,2,1,3,3,0,7,4,0,8,50,0,3,92,6,6,2,2,33,17,1,37,0,1,4,2,0,25,0,0,14,1,0,7,0,0,15,3,0,0,1,0,1,6,1,0,1,0,4,0,2,1,0,1,1,0,1,0,1,4,7,4,71,0,5,1,9,0,2,2,1,4,34,6,12,1,2,2,2,4,0,0,0,1,4,0,3,0,0,5,3,1,1,0,3,4,30,0,13,1,13,2,6,0,1,0,0,0,1,0,1,0,0,0,0,0,0,0,1,0,0,0,0,0,0,1,0,0,0,1,0,0,0,0,0,1,0,0,0,1,0,0,1,0,0,0,0,0,1,0,1,0
3068241300086100108,39,0,4,1,1,1,0,0,0,1,0,0,1,0,1,1,0,0,2,4,8,1,0,2,2,0,5,33,0,0,1,2,1,0,0,2,0,7,2,0,2,12,5,0,0,1,5,9,0,1,0,0,0,0,0,1,2,0,0,0,1,1,0,0,1,0,0,0,1,0,1,1,0,0,2,0,3,0,1,1,1,0,0,12,0,0,0,0,20,0,8,0,4,0,1,5,0,0,0,3,47,0,3,0,0,2,1,0,1,0,1,0,0,1,0,0,0,1,1,1,1,0,0,0,7,1,1,1,0,1,0,1,1,1,0,1,0,1,0,0,0,0,0,0,0,0,0,0,0,0,0,0,0,0,0,0,0,0,0,0,0,0,0,0,0,0,0,0,1,0,0,0,0,0,0,0,0,0,0,0
3068241300086100109,240,31,25,15,1,2,6,0,6,7,2,1,3,15,64,2,0,1,21,4,8,1,11,3,2,1,43,47,68,6,4,4,4,0,6,14,2,23,140,2,8,347,22,1,8,6,77,40,0,75,0,0,13,4,2,58,4,0,5,2,2,18,0,0,33,3,1,3,4,3,20,24,2,2,40,1,10,0,3,2,1,6,0,22,4,2,1,4,30,8,91,0,4,3,8,11,3,2,0,5,129,5,11,5,3,3,1,8,0,4,10,0,4,4,3,4,0,20,12,4,3,2,6,5,39,2,15,4,38,5,6,0,8,0,2,0,3,0,4,2,5,0,0,1,0,0,2,2,0,2,2,0,1,2,3,0,0,2,1,1,1,0,0,0,1,0,0,1,1,0,1,1,1,0,0,0,0,1,1,0
3068241300086100110,30,13,2,1,2,0,0,0,0,0,1,0,0,6,10,0,0,0,5,0,0,0,2,2,1,0,13,2,9,2,0,0,1,1,2,0,0,0,41,0,2,99,3,0,2,0,11,2,0,12,0,0,6,2,0,14,0,0,4,0,0,1,0,0,2,0,0,0,0,0,10,7,0,0,7,0,0,0,0,0,0,0,0,1,1,0,0,1,1,3,11,0,1,1,1,0,0,0,0,0,9,1,1,0,0,0,0,1,0,0,1,0,1,1,0,1,0,3,2,1,0,0,0,0,9,0,0,0,16,0,0,0,0,0,1,0,0,2,1,0,0,0,0,1,0,0,0,0,1,1,0,0,0,0,0,0,0,0,0,0,0,1,0,1,0,0,2,1,0,0,0,0,1,0,0,0,0,0,1,0
3068241300086100117,18,0,0,0,0,1,1,0,0,0,0,0,0,0,0,0,0,0,0,0,0,3,1,0,0,0,0,0,0,0,1,0,0,0,0,0,0,0,0,2,0,0,0,0,0,5,0,0,0,0,0,0,0,0,0,0,2,0,3,0,0,0,0,0,2,1,0,0,0,1,1,0,0,0,0,0,0,0,0,0,0,0,0,3,0,0,0,0,0,0,2,1,0,0,0,3,5,0,0,0,0,0,0,0,0,1,0,0,0,0,1,0,0,0,0,0,0,2,1,0,0,0,0,0,0,0,0,0,0,0,0,0,0,0,0,0,0,0,0,0,0,0,0,0,0,0,0,0,0,0,0,0,0,0,0,0,0,0,0,0,0,0,0,0,0,1,0,0,0,0,0,0,1,0,0,0,0,0,0,0
3068241300086100118,23,1,0,0,0,0,0,0,0,0,0,0,0,0,1,0,0,0,0,0,0,0,0,1,0,1,0,0,0,0,0,0,0,0,1,0,0,0,0,0,0,0,0,0,0,2,4,0,0,0,0,0,0,0,0,0,0,0,1,0,0,0,1,0,0,1,0,0,0,0,0,0,0,0,1,0,0,0,0,0,0,0,0,0,0,0,0,1,0,1,3,0,0,0,2,0,0,1,0,0,4,0,1,1,0,0,0,7,0,1,0,0,0,1,0,0,1,1,0,0,0,0,0,1,2,0,0,0,0,1,0,0,0,0,0,0,0,0,0,0,0,0,0,0,0,0,0,0,0,0,0,0,0,0,0,1,0,0,0,0,0,0,0,0,0,0,0,0,0,0,0,0,0,0,0,0,0,0,0,0
3068241300086100119,10,0,0,0,0,0,0,0,0,0,0,0,0,0,0,0,0,0,0,0,0,0,0,0,0,0,0,2,0,0,1,0,0,0,0,0,0,0,0,0,0,0,0,0,0,1,0,0,0,0,0,0,0,0,1,0,0,1,0,0,0,0,0,0,0,0,0,0,0,0,0,0,0,0,0,0,0,0,1,0,0,0,0,0,0,0,0,1,0,0,2,0,0,0,2,0,0,0,0,0,8,0,0,1,1,0,0,0,0,0,1,0,0,1,0,0,0,0,0,0,0,1,0,0,0,0,0,0,0,0,0,0,0,0,0,0,0,0,0,0,0,0,0,0,0,0,0,0,0,0,0,0,0,0,0,0,0,0,0,0,0,0,0,0,0,0,0,0,0,0,0,1,0,0,0,0,0,0,0,0
3068241300086100120,95,0,0,1,0,0,4,0,0,0,0,0,0,0,1,3,1,0,0,5,3,0,1,0,0,0,0,19,0,0,0,1,0,0,9,0,0,0,1,1,4,0,0,0,0,6,12,9,0,0,0,0,0,0,1,0,3,1,1,0,0,0,0,0,3,1,0,0,0,0,1,2,0,0,1,0,2,0,0,0,0,0,0,0,0,0,0,1,1,2,7,1,3,0,0,8,0,1,1,0,30,0,3,1,1,0,0,18,1,0,0,0,0,3,0,1,3,3,2,0,0,5,0,2,5,0,1,3,0,2,0,0,2,0,0,0,0,0,1,0,1,0,0,0,0,0,1,0,0,0,0,0,0,0,0,0,0,0,0,0,0,0,0,0,0,0,0,0,0,0,0,0,0,0,0,0,0,0,0,0
3068241300086200100,20,0,1,0,6,0,1,0,0,1,0,0,3,0,0,0,0,1,0,0,0,5,2,1,0,0,0,12,0,0,0,1,0,0,6,0,0,0,1,0,1,1,0,2,2,1,2,25,0,1,5,0,0,0,0,1,1,0,0,0,0,1,0,0,6,0,3,0,0,0,0,0,3,0,0,0,8,0,3,0,8,4,0,0,0,0,0,0,0,0,31,0,0,0,0,0,1,4,0,2,8,0,14,1,0,4,0,3,0,0,0,0,0,1,0,0,5,0,0,0,0,2,0,1,6,0,3,0,0,3,1,0,0,0,0,0,1,0,0,0,0,0,0,0,0,0,0,0,0,0,1,0,0,1,0,0,0,0,0,1,0,0,0,1,0,0,0,0,0,0,0,0,0,0,0,0,0,0,0,0
3068241300086200104,53,5,26,3,4,0,0,0,0,0,1,0,1,9,4,0,0,0,3,1,0,0,3,8,2,1,12,3,2,0,0,2,0,0,7,0,0,5,14,1,0,44,4,6,8,3,2,20,1,2,1,0,2,0,1,6,3,0,4,0,3,2,0,0,7,1,0,0,0,0,1,3,5,0,3,0,4,0,3,0,1,0,0,0,0,0,1,1,7,2,72,0,16,0,8,10,9,1,0,2,20,1,4,0,0,8,0,5,0,0,0,0,5,0,2,0,0,3,0,0,2,0,1,1,23,1,4,1,4,2,0,1,0,0,0,0,0,1,0,0,1,0,0,1,0,0,0,0,0,1,0,0,0,1,0,0,0,0,0,0,1,0,0,0,0,0,0,0,0,0,0,0,0,0,0,2,0,0,0,0
3068241300086200108,12,0,3,0,0,0,0,0,0,0,0,0,1,0,1,0,0,0,0,0,0,0,0,1,0,0,0,0,0,0,0,0,0,0,2,0,0,1,0,0,0,1,0,0,0,0,0,2,0,1,0,0,0,0,0,0,1,0,0,0,1,0,0,0,0,0,0,1,0,0,0,2,0,0,0,0,0,0,0,0,0,0,0,0,0,0,0,1,1,0,5,0,0,0,1,2,1,1,0,0,2,0,0,0,0,4,0,0,0,0,0,0,0,0,0,0,0,0,0,0,0,0,0,0,1,0,0,0,0,0,0,0,0,0,0,0,0,0,0,0,0,0,0,0,0,0,0,0,0,0,0,0,0,0,0,0,0,0,0,0,0,0,0,0,0,0,0,0,0,0,0,0,0,0,0,0,0,0,0,0
3068241300086200114,28,5,1,1,0,0,0,0,2,0,1,0,0,3,11,0,0,0,6,0,0,0,1,3,0,0,4,5,5,3,1,1,1,0,1,0,0,1,14,0,0,33,3,0,1,3,5,1,0,3,0,0,0,0,0,6,1,0,4,0,0,3,0,0,4,1,0,1,0,0,2,3,0,0,6,0,1,0,0,0,1,1,0,0,2,0,0,0,2,0,36,0,1,0,1,1,0,0,0,0,6,1,0,1,0,0,0,0,0,0,0,0,3,0,0,1,0,3,1,0,0,0,0,0,8,0,1,1,7,1,1,0,0,0,0,1,0,0,0,0,0,0,0,0,0,0,2,0,0,0,0,0,0,0,0,0,0,0,0,1,0,0,0,0,0,0,0,0,0,0,0,0,0,0,0,0,0,1,0,0
3068241300086200119,32,4,4,2,0,0,0,0,0,4,0,0,0,6,9,0,0,0,2,0,0,0,1,0,1,0,19,8,10,0,0,2,2,0,1,1,0,4,10,0,1,79,3,0,6,2,9,11,1,18,0,0,2,0,0,6,0,0,4,2,0,3,0,0,0,0,0,0,0,1,2,7,0,0,2,0,0,0,0,0,0,0,0,1,0,0,0,0,2,1,23,0,1,0,1,1,1,0,1,2,27,1,2,1,0,0,0,1,0,0,0,0,0,0,0,5,1,4,3,1,1,0,5,1,8,1,4,1,7,0,0,0,1,0,0,0,0,0,1,0,0,0,0,0,0,0,0,0,0,0,0,0,1,0,0,0,0,0,3,0,0,0,0,0,0,0,0,0,0,0,0,0,0,0,0,0,0,0,2,0
3068241300087100033,115,1,19,0,7,0,2,0,1,2,0,0,0,2,0,0,0,1,1,1,1,6,0,0,0,1,0,11,0,0,1,6,0,1,7,0,0,6,1,0,5,0,0,4,1,1,1,42,0,0,0,0,0,1,1,0,3,0,1,0,39,2,0,0,12,0,0,0,1,0,3,0,0,0,0,0,11,1,0,0,14,0,1,0,0,0,0,1,9,0,10,0,4,0,6,3,15,0,0,0,8,0,22,0,1,2,5,3,0,0,0,1,1,2,1,0,8,0,3,0,0,2,0,2,4,0,10,2,0,7,0,0,0,0,0,1,1,1,0,0,0,0,0,0,0,0,0,0,0,1,0,0,0,0,2,0,0,0,0,0,0,0,0,0,0,0,0,1,0,0,0,1,0,0,0,0,2,0,0,1
3068241300087100034,114,0,14,1,7,1,3,0,2,1,0,0,2,0,0,0,0,1,1,1,0,1,1,0,0,1,0,10,0,0,0,4,2,1,8,0,1,7,0,0,9,0,0,0,1,1,3,40,0,0,0,0,0,1,0,0,3,1,0,0,12,1,0,0,15,0,3,0,0,0,0,0,0,0,1,0,12,2,3,0,3,4,0,0,0,0,0,0,20,0,9,0,5,0,6,5,9,0,3,5,18,0,21,2,2,2,5,9,0,0,0,0,0,1,1,0,5,1,1,0,0,1,0,0,12,0,7,6,1,13,0,0,0,0,1,0,1,0,0,0,0,1,0,0,0,0,0,0,0,0,1,0,0,1,0,0,0,0,0,0,1,0,0,1,0,0,0,0,0,0,0,0,0,3,1,0,0,0,0,0
3068241300087100057,12,2,0,0,0,0,0,0,0,0,1,0,0,0,0,4,0,0,0,2,3,0,0,0,5,0,0,5,0,0,0,2,0,0,0,0,0,2,0,0,0,0,0,0,0,0,3,4,0,0,0,0,0,0,0,0,0,0,0,0,0,0,0,0,1,1,0,0,0,3,0,0,0,0,0,0,0,0,0,1,0,1,0,0,0,0,0,0,0,0,18,0,0,0,0,0,0,0,0,0,10,0,0,0,0,0,0,0,0,0,0,0,0,0,0,0,0,3,16,0,0,0,0,0,2,1,0,0,0,0,0,0,0,0,0,0,0,0,0,0,0,0,0,0,0,0,0,0,0,0,0,0,0,0,0,0,0,0,0,0,0,0,0,0,0,0,0,0,0,0,0,0,0,0,0,0,0,0,0,0
3068241300087200032,39,1,1,2,0,0,0,0,0,0,0,0,1,0,0,8,0,2,0,3,18,0,0,0,4,0,0,32,0,0,0,1,2,0,0,0,0,2,2,0,0,0,2,0,0,0,1,1,0,0,0,0,1,0,0,0,0,2,0,1,0,0,0,0,4,0,0,0,3,0,0,1,0,0,0,0,5,0,0,4,1,7,0,5,1,0,1,1,4,1,25,0,0,0,2,15,1,0,0,5,59,0,2,0,0,0,0,1,0,0,1,0,0,0,2,1,0,2,0,0,5,0,1,1,7,0,1,0,0,0,0,2,0,0,0,0,1,0,0,0,0,0,0,1,0,0,0,0,1,1,0,0,1,1,0,0,0,0,0,0,1,0,0,0,1,2,0,0,1,0,0,0,0,0,0,0,0,1,1,0
3068241300087200056,39,16,0,4,0,0,0,0,0,2,0,0,0,2,0,2,0,2,0,16,6,0,0,5,4,0,0,11,0,0,0,0,4,0,3,0,0,1,0,1,0,3,0,0,2,1,15,13,0,0,0,0,0,1,0,0,2,0,1,0,1,0,0,0,4,4,0,0,7,4,0,0,0,0,0,0,1,0,0,3,0,1,0,0,0,1,0,0,3,7,18,0,0,0,3,2,1,0,0,0,22,0,1,0,0,0,0,1,0,0,0,0,0,0,0,0,0,35,46,0,0,0,0,0,5,2,0,0,2,0,1,0,1,1,0,0,0,0,0,0,0,0,1,0,0,0,1,0,0,0,0,0,0,0,0,0,0,0,0,0,0,0,0,0,0,0,0,0,0,0,0,0,0,1,0,0,0,0,0,0
3068241300087200059,19,3,0,0,0,0,0,0,0,0,0,0,0,0,0,2,0,0,0,1,0,0,1,1,1,0,0,3,0,0,0,0,0,0,0,0,0,0,0,0,0,0,0,0,0,0,0,5,0,0,0,0,0,0,0,0,0,0,0,0,0,0,0,0,0,1,0,0,0,3,0,0,0,0,0,0,0,0,0,0,0,0,0,0,0,0,0,0,0,1,7,0,0,0,1,0,0,0,0,0,6,0,0,0,0,0,0,0,0,0,0,0,0,0,0,0,0,1,8,0,0,0,0,0,1,0,0,0,0,0,0,0,0,0,0,0,0,0,0,0,0,0,0,0,0,0,0,0,0,0,0,0,0,0,0,0,0,0,0,0,0,0,0,0,0,0,0,0,0,0,0,0,0,1,0,0,0,0,0,0
3068241300093100042,19,0,1,0,0,0,1,0,0,0,0,0,0,0,0,5,0,0,1,16,8,0,0,2,1,0,0,32,1,0,0,0,2,0,1,0,0,0,0,0,2,0,1,0,1,1,1,1,0,0,0,0,1,0,0,0,0,0,0,2,0,0,0,0,1,4,0,0,1,0,0,0,0,0,0,0,3,0,0,6,0,0,1,0,1,0,0,1,0,1,23,1,0,1,1,3,0,0,0,0,41,0,2,0,0,1,0,0,0,0,0,0,0,0,0,0,0,29,4,0,0,0,0,0,0,0,1,0,1,0,0,2,1,0,1,0,0,0,0,0,0,0,0,0,0,0,0,1,0,0,0,0,0,0,0,0,0,0,0,0,0,0,0,1,0,0,0,0,0,0,0,0,0,0,0,0,0,0,0,0
3068241300093100054,9,0,0,0,0,0,0,0,0,0,0,0,0,0,0,0,0,0,0,6,0,0,0,0,0,0,0,18,0,0,0,1,0,0,0,0,0,0,0,0,0,1,0,0,0,0,3,2,0,0,1,0,0,1,0,0,0,0,0,0,0,0,0,0,0,2,0,0,0,0,0,0,0,0,0,0,0,0,0,0,0,0,0,0,0,2,0,0,0,0,14,0,0,0,0,0,0,0,0,0,17,0,0,0,0,0,0,0,0,0,0,0,0,0,1,0,0,7,1,0,0,0,0,0,0,0,0,0,0,0,0,0,0,0,0,0,0,0,0,0,0,0,0,0,0,0,0,0,0,0,0,0,0,0,0,0,0,0,0,0,0,0,0,0,0,0,0,0,0,0,0,0,0,0,0,0,0,0,0,0
3068241300093100122,5,0,0,0,0,0,0,0,0,1,0,0,0,0,0,1,0,0,0,0,2,0,0,0,0,0,0,18,0,0,0,0,0,0,0,0,0,0,0,0,0,0,0,0,0,0,0,0,0,0,0,0,0,1,0,0,0,0,0,0,0,0,0,0,0,0,0,0,1,0,0,1,0,0,0,0,0,0,0,0,0,0,0,0,0,0,0,0,0,0,2,0,0,0,0,0,0,0,0,0,20,0,0,0,0,0,0,0,0,0,0,0,0,0,0,0,0,2,0,0,0,0,0,0,0,0,0,0,0,0,0,0,0,0,0,0,0,0,0,0,0,0,0,0,1,0,0,0,0,0,0,0,0,0,0,0,0,0,0,0,1,0,0,0,0,0,0,0,0,0,0,0,0,0,0,0,0,0,0,0
3068241300093200064,17,2,0,0,0,1,1,0,0,0,0,0,0,0,0,3,0,0,0,5,7,0,1,1,2,0,0,10,0,0,0,0,1,0,1,2,0,0,0,0,2,0,0,0,2,0,3,3,0,0,0,0,0,0,0,1,1,0,0,0,0,0,2,0,1,3,0,0,1,4,0,0,0,0,0,0,1,0,0,2,0,0,0,0,0,0,0,0,0,1,29,0,0,0,2,0,0,0,0,1,14,0,0,0,1,0,0,0,0,0,0,0,0,0,0,0,0,16,16,0,0,0,0,0,4,0,3,0,0,0,0,0,1,0,0,0,0,0,0,0,0,0,0,0,0,0,0,1,0,1,0,0,0,0,0,0,0,0,0,0,0,0,0,0,0,0,0,0,0,0,0,0,0,0,0,0,0,0,0,0
3068241300093200093,9,0,0,1,0,0,0,0,0,0,0,0,0,0,0,9,0,0,0,4,8,0,0,0,2,0,0,12,0,0,0,0,0,0,1,0,0,0,0,0,1,0,0,0,1,0,3,0,0,0,0,0,0,0,0,0,0,1,0,0,0,0,0,0,0,0,0,0,0,0,0,0,0,0,0,1,0,0,0,0,0,0,0,0,0,0,0,2,0,1,13,0,0,0,0,0,0,0,0,0,42,0,0,0,0,0,0,2,0,0,0,0,0,0,1,0,0,5,2,0,0,0,0,0,1,0,0,0,1,0,0,0,1,0,0,0,0,0,0,0,0,0,0,0,0,0,0,0,1,0,0,0,0,0,0,0,0,0,0,0,0,0,0,0,0,0,0,0,0,0,0,1,0,0,0,0,0,0,0,0
3068241300093200152,14,0,0,0,1,0,1,0,0,0,0,0,0,0,0,1,0,0,0,7,3,0,1,0,1,1,0,10,0,0,0,2,2,1,5,0,0,0,0,0,2,0,0,0,1,0,0,1,0,0,0,0,0,0,0,0,0,0,0,0,0,0,0,0,1,3,0,0,3,0,0,1,0,0,0,0,1,0,0,4,0,0,0,0,1,0,0,0,0,1,18,0,1,0,1,0,0,1,0,0,33,0,0,0,0,0,0,0,0,0,0,0,0,0,0,0,0,14,5,0,0,0,0,0,1,0,0,0,0,0,0,1,0,0,0,0,0,0,0,0,0,0,0,0,0,0,0,0,1,0,0,0,0,0,0,0,0,0,0,0,0,0,0,0,0,0,0,0,0,0,0,0,0,0,0,0,0,0,0,0
3068241300093200155,7,1,0,1,0,0,0,0,0,0,0,0,0,0,0,0,0,0,0,0,0,0,0,0,1,0,0,0,0,0,0,0,0,0,0,0,0,0,0,0,1,0,0,0,0,0,2,1,0,0,0,0,0,0,0,0,0,0,0,0,0,0,0,0,1,0,0,0,0,3,0,0,0,0,0,0,0,0,0,1,0,0,1,0,0,0,0,0,0,0,0,0,0,0,0,1,0,0,0,0,1,0,0,0,0,0,0,0,0,0,0,0,0,0,0,0,0,0,12,0,0,0,0,0,0,0,0,0,0,0,0,0,0,0,0,0,0,0,0,0,1,0,0,0,0,0,0,0,0,0,0,0,0,0,0,0,0,0,0,0,0,0,0,0,0,0,0,0,0,0,0,0,0,0,0,0,0,0,0,0
3068241300093200211,33,0,1,3,0,0,1,0,0,2,2,1,0,0,0,10,0,0,0,39,11,0,1,1,0,0,0,81,0,0,0,4,5,0,2,0,1,0,0,0,3,1,0,0,0,1,5,4,0,1,0,0,0,0,0,0,0,0,1,0,1,0,0,0,3,9,0,0,9,0,1,0,0,0,1,1,1,0,1,4,0,0,0,0,0,1,0,0,0,3,53,0,1,0,1,0,0,1,0,0,77,0,2,0,0,1,0,2,0,1,0,0,0,0,1,0,0,45,5,0,0,0,0,1,0,1,2,0,1,0,1,0,2,0,1,0,0,1,0,1,0,0,0,1,0,0,0,0,1,0,0,0,0,0,0,0,0,0,0,0,5,0,0,3,0,0,0,1,0,0,0,0,0,0,0,0,0,0,0,0
3068241300094100141,0,0,0,1,0,0,0,0,0,0,0,0,0,0,0,1,0,0,0,1,3,0,0,0,0,0,0,16,0,0,0,0,1,0,0,0,0,0,0,0,0,0,0,0,0,0,0,0,0,0,0,0,0,0,0,0,0,0,0,0,0,0,0,0,0,0,0,0,1,0,0,0,0,0,0,0,0,0,0,0,0,0,0,0,0,1,0,0,0,0,3,0,0,0,0,0,0,0,0,0,12,0,0,0,0,0,0,0,0,0,0,0,0,0,0,0,0,2,0,0,0,0,0,0,0,0,0,0,0,0,0,0,0,0,0,0,0,0,0,0,0,0,0,0,0,0,0,0,0,0,0,0,0,0,0,0,0,0,0,0,0,0,0,0,0,0,0,0,0,0,0,0,0,0,0,0,0,0,0,0
3068241300094200477,53,4,1,0,0,0,0,0,0,1,0,0,0,0,1,0,0,1,0,8,2,0,2,0,2,0,0,13,0,0,0,3,3,0,0,1,0,0,0,0,0,0,1,0,1,0,6,3,0,0,0,0,0,0,0,0,1,0,4,0,0,0,0,0,4,6,0,0,1,9,0,0,0,0,0,0,3,0,0,3,0,0,0,1,0,2,0,0,0,0,2,0,0,0,2,0,0,0,0,0,15,1,1,0,0,0,0,1,0,0,0,0,0,0,0,1,0,22,37,0,0,0,0,0,4,1,0,1,0,1,0,0,0,0,0,0,0,0,0,0,0,0,0,0,0,0,0,0,0,0,0,0,0,0,0,0,0,0,0,0,0,0,0,0,0,0,0,0,0,0,0,0,0,0,0,0,0,0,0,0
3068241300094200531,83,6,0,1,0,6,0,0,0,0,0,0,0,0,0,40,0,1,1,19,25,0,1,1,6,0,0,18,1,0,0,0,2,0,1,0,0,3,0,0,1,0,0,0,1,16,12,27,0,0,0,0,0,0,0,0,2,0,2,2,0,0,0,0,2,3,0,0,12,12,0,0,0,0,0,0,4,0,0,7,0,1,0,0,0,0,0,0,0,3,18,0,1,1,1,0,0,0,0,0,88,0,0,0,0,1,0,1,0,0,0,1,0,1,2,0,0,15,51,0,0,0,0,0,4,1,5,1,0,0,0,0,0,0,0,0,0,0,0,0,1,0,0,1,0,0,1,0,0,0,0,1,0,0,0,0,0,0,0,0,1,0,0,0,0,0,1,1,0,0,0,0,0,0,0,0,0,0,0,0
3068241300095100067,68,7,0,2,0,2,0,1,0,0,0,1,2,0,0,18,0,0,1,17,20,0,0,4,8,0,0,27,1,0,0,0,3,1,2,0,0,2,0,0,3,0,1,0,0,1,17,32,0,0,0,0,0,0,0,0,0,1,1,10,3,0,1,0,0,1,0,0,5,14,0,0,0,0,0,0,1,0,0,3,0,0,1,0,1,3,0,1,0,0,25,0,0,0,3,0,0,0,0,0,42,0,0,0,1,1,0,1,0,0,0,0,0,0,0,0,0,12,85,0,0,0,0,1,4,3,0,0,2,0,1,1,0,0,0,0,0,0,1,0,1,0,0,0,0,0,1,0,0,0,0,0,0,0,0,0,0,0,0,0,0,0,0,2,0,0,0,0,0,0,0,0,0,0,0,1,0,0,0,0
3068241300095100073,31,3,0,2,0,0,0,0,0,1,0,0,0,0,0,0,0,0,0,10,6,0,0,1,0,0,0,11,0,0,0,2,4,0,1,0,0,1,0,0,4,2,0,0,1,0,4,7,0,0,0,0,0,0,0,0,1,0,2,5,0,0,0,0,0,0,0,0,2,1,0,0,0,0,0,0,0,0,0,1,0,0,1,0,0,4,0,0,0,0,15,1,0,0,1,0,0,0,0,1,17,0,0,0,0,0,0,0,0,1,0,0,0,0,0,0,0,16,7,0,1,0,0,0,0,1,0,0,0,0,0,0,0,0,0,0,0,0,0,0,0,0,0,0,0,0,0,0,0,0,0,0,0,0,0,0,0,0,0,0,0,0,0,0,0,0,0,0,0,0,0,0,0,0,0,0,0,0,0,0
3068241300095200253,98,12,0,1,0,0,2,0,1,2,0,0,0,0,0,8,0,0,0,20,15,0,4,9,13,0,0,34,1,0,0,2,3,0,7,5,0,2,0,0,3,5,0,0,2,4,13,39,0,0,0,2,1,1,1,0,3,0,6,14,2,0,1,0,1,1,0,0,8,21,0,2,0,0,0,0,4,0,0,3,0,1,3,0,0,2,0,0,0,0,26,0,1,0,8,0,0,1,0,0,37,0,0,0,0,0,0,0,0,1,1,0,0,1,1,0,0,21,74,0,1,0,0,1,8,4,0,1,2,0,1,0,0,0,0,0,0,0,3,0,2,0,0,1,0,0,0,0,0,0,1,0,0,0,0,0,0,0,0,0,0,0,0,0,0,0,1,0,0,0,0,0,1,1,0,0,0,0,0,0
3068241300096100004,0,0,0,0,0,0,0,0,0,0,0,0,0,0,1,0,0,0,0,0,0,0,0,0,0,0,0,0,0,0,0,0,0,0,0,0,0,0,0,0,0,0,0,0,0,0,0,0,0,0,0,0,1,0,0,5,0,0,0,0,0,0,0,0,0,0,0,0,0,0,2,0,0,0,0,0,0,0,0,0,0,0,0,0,0,0,0,0,0,0,0,0,0,0,1,0,1,0,0,0,0,0,0,0,0,0,0,0,0,1,0,0,0,0,0,0,0,1,0,0,0,0,0,0,0,0,0,0,27,0,0,0,0,0,2,0,0,0,0,0,0,0,0,0,0,0,0,0,0,3,0,0,0,0,0,0,0,1,0,0,0,0,0,0,1,0,0,0,0,0,0,0,0,0,1,0,1,0,0,0
3068241300096100005,58,4,0,0,0,0,0,0,0,0,0,0,0,1,0,11,0,2,0,3,15,0,3,0,3,0,0,7,1,0,0,0,0,0,1,0,0,0,0,0,1,0,0,0,0,0,15,14,0,0,0,0,0,0,0,0,0,0,2,1,0,0,0,0,0,0,0,0,3,7,0,0,0,0,0,0,0,0,0,0,0,1,0,0,0,0,0,0,0,1,3,0,0,0,0,0,0,0,0,0,14,0,0,0,0,0,0,0,0,0,0,0,0,0,0,0,0,9,25,0,0,0,0,0,1,2,0,1,0,0,0,0,0,0,0,0,0,0,1,0,1,0,0,0,0,0,0,0,0,0,0,0,0,0,0,0,0,0,0,0,0,0,0,0,0,0,0,0,0,0,0,0,0,0,0,0,0,0,0,0
3068241300096100008,74,8,0,1,0,0,2,0,1,0,3,0,0,1,0,23,0,2,0,16,17,0,2,3,11,0,0,10,1,1,1,3,5,0,4,0,0,0,0,0,3,3,0,0,0,4,13,26,0,0,0,0,0,1,0,0,6,1,8,1,2,0,0,0,3,1,0,0,14,16,0,1,0,0,1,0,3,0,1,2,0,1,0,0,0,0,1,0,1,7,16,1,0,0,1,0,1,0,0,0,45,0,0,0,1,1,0,0,0,0,0,0,0,0,0,0,0,18,76,1,0,0,0,0,5,6,0,0,1,0,3,0,0,0,0,0,0,0,0,0,0,0,0,0,0,0,0,0,0,0,1,0,0,0,0,0,0,0,0,0,0,0,0,0,0,0,1,1,0,0,0,1,0,1,0,1,0,0,0,0
3068241300096100010,85,9,0,5,0,0,1,0,0,3,5,0,0,3,0,8,0,3,0,35,14,1,7,7,4,0,0,7,0,0,0,7,5,0,10,0,0,0,0,0,1,2,0,0,0,2,15,32,0,1,0,0,0,0,0,0,2,0,18,0,1,0,0,0,1,17,0,0,15,11,0,1,0,0,1,1,2,0,0,4,0,0,0,0,0,0,0,0,1,6,33,0,0,0,7,0,0,1,0,0,29,0,0,0,0,0,0,0,0,2,0,0,0,0,0,0,0,51,59,0,0,0,0,0,6,2,0,2,0,0,1,0,0,0,0,1,0,0,1,0,0,0,0,0,0,0,0,0,0,0,0,1,0,0,0,0,0,1,0,0,0,0,0,0,1,1,0,0,0,0,0,0,0,1,0,0,0,0,0,0
3068241300096100014,76,8,0,0,1,2,0,0,0,2,0,0,0,0,0,11,0,0,0,10,7,0,3,6,5,0,0,9,2,0,0,2,5,0,2,0,0,2,0,0,2,3,0,1,0,2,11,39,0,0,0,0,0,0,0,0,6,0,7,3,1,0,0,0,3,2,0,0,7,11,0,1,0,0,0,0,1,0,0,3,0,0,0,0,0,0,0,2,1,4,28,0,0,0,2,0,0,0,0,1,15,0,1,1,0,1,1,1,0,0,0,0,1,0,0,0,0,21,61,0,0,0,0,0,8,1,0,0,1,0,0,0,2,0,0,0,0,0,0,0,1,0,0,0,0,0,0,1,0,1,0,0,0,0,0,0,0,0,0,0,0,0,0,0,0,0,0,1,0,0,0,0,0,0,0,0,0,0,0,0
3068241300096100016,31,0,0,0,0,1,0,0,0,0,0,0,0,0,0,6,0,2,0,4,10,0,0,1,7,0,0,5,0,0,0,2,2,0,2,0,0,0,0,0,0,2,0,0,0,1,4,4,0,0,0,0,0,0,0,0,0,0,4,1,0,0,0,0,1,3,0,0,6,11,0,0,0,0,0,0,0,0,0,1,0,0,0,0,0,0,0,0,0,2,10,0,0,0,2,1,0,0,0,0,8,0,1,0,0,0,0,0,0,0,0,0,0,0,0,0,0,13,30,0,0,1,0,0,3,2,0,0,0,0,0,0,0,0,0,0,0,0,0,0,0,0,0,0,0,0,0,0,0,0,0,0,0,0,0,1,0,0,0,0,0,0,0,0,0,0,1,1,0,0,0,0,0,0,0,0,0,0,0,0
3068241300096100017,67,7,0,1,0,2,1,0,0,2,0,0,0,2,0,2,0,0,0,18,9,0,4,1,6,0,0,13,0,0,0,10,4,0,3,1,0,4,0,0,3,2,0,0,1,1,12,24,0,0,0,0,1,0,0,0,4,0,17,0,1,0,0,0,4,11,0,0,16,17,0,0,0,0,0,0,5,0,0,8,0,0,0,0,0,0,0,0,0,4,35,0,0,0,3,0,0,0,0,1,14,0,3,0,0,0,1,6,0,0,0,0,0,0,0,0,0,29,55,0,0,0,0,0,8,4,0,0,2,0,0,0,0,0,0,0,0,0,0,0,0,0,0,0,0,0,0,0,0,0,0,0,0,0,0,0,0,0,0,0,0,0,0,0,0,0,0,0,0,0,0,0,0,0,0,0,0,0,0,1
3068241300096100024,40,6,0,3,0,0,1,0,1,1,0,1,0,1,0,10,0,0,1,13,17,0,2,0,10,0,1,31,0,0,0,1,1,0,3,0,0,1,0,0,3,0,0,0,0,1,5,12,1,0,0,0,0,0,0,0,0,0,1,2,1,0,0,0,1,0,0,0,7,7,0,0,0,0,0,0,0,0,0,1,0,0,0,0,0,1,0,1,0,0,7,0,0,0,3,0,0,1,0,0,26,1,0,0,0,0,2,0,1,0,0,0,0,0,1,0,0,23,29,0,1,0,0,0,5,0,0,0,0,0,0,0,0,0,0,0,0,0,1,0,0,0,0,0,0,0,0,0,0,0,0,0,0,0,0,0,0,0,0,0,0,0,0,1,0,0,0,0,0,0,0,0,0,0,0,0,0,0,0,0
3068241300096100037,8,0,0,1,0,0,1,0,0,0,0,0,0,0,0,1,0,0,0,1,0,0,0,1,1,0,0,4,0,0,0,0,0,0,0,0,0,0,0,0,0,0,0,0,0,0,4,4,0,1,0,0,0,0,0,0,0,0,0,0,0,0,0,0,0,0,0,0,1,3,0,0,0,0,0,0,1,0,0,0,0,0,0,0,0,0,0,0,0,0,0,0,0,0,0,0,0,0,0,0,7,0,0,0,0,0,0,0,0,0,0,0,0,0,2,0,0,0,17,0,0,0,0,0,0,1,0,0,0,0,1,0,0,0,0,0,0,0,0,0,0,0,0,0,0,0,0,0,0,0,0,0,0,0,0,0,0,1,0,0,0,0,0,0,0,0,0,0,0,0,0,0,0,0,0,0,0,0,0,0
3068241300096100040,36,3,0,0,0,0,0,0,0,2,0,0,0,0,0,0,0,0,0,6,0,0,0,1,3,0,0,4,0,0,0,2,0,0,1,1,0,0,0,0,0,0,1,0,0,1,4,3,0,0,0,0,0,0,0,0,1,0,1,4,1,0,0,0,1,0,0,0,0,4,0,1,0,0,0,0,0,0,0,0,0,0,0,0,0,2,0,0,0,0,3,0,0,0,1,0,0,0,0,0,7,1,0,0,0,0,0,2,0,0,0,0,0,0,0,0,0,10,28,0,0,0,0,0,0,5,0,0,2,0,0,0,0,0,0,0,0,0,0,0,0,0,0,1,0,0,1,0,0,0,0,0,0,0,0,0,0,0,0,0,0,0,0,0,0,0,0,0,0,0,0,0,1,1,0,0,0,0,0,0
3068241300096200006,30,1,0,1,0,0,1,0,0,2,0,0,0,0,0,10,0,4,0,8,17,0,6,1,2,0,0,7,0,0,2,4,1,0,0,0,0,1,0,0,1,0,0,0,0,1,23,0,0,0,0,0,0,0,0,0,0,0,2,1,0,0,0,0,3,2,0,0,4,1,0,0,0,0,2,0,0,0,0,2,0,0,0,0,0,0,0,0,0,5,7,0,0,0,1,0,0,0,0,0,8,0,0,0,0,0,0,1,0,0,0,0,0,0,0,0,0,12,7,0,0,0,0,0,0,0,0,1,1,0,0,0,0,0,0,0,0,0,0,0,1,0,0,0,0,0,0,0,0,0,0,0,0,0,0,1,0,0,0,0,0,0,0,0,0,0,0,0,0,0,0,0,0,0,0,0,0,0,0,0
3068241300096200007,85,6,0,1,0,0,1,0,1,2,0,0,0,0,1,23,0,2,0,19,27,1,5,1,4,0,0,3,1,0,2,2,3,0,3,0,0,1,1,0,2,1,0,0,0,2,18,15,0,0,0,1,0,0,0,0,0,0,5,0,1,0,0,0,5,4,0,0,8,10,0,0,0,0,1,0,0,0,0,4,0,0,0,0,0,0,0,1,0,3,5,0,0,0,2,1,1,0,0,1,25,0,0,0,0,1,0,1,0,0,0,1,0,0,1,0,0,37,41,0,0,0,0,1,4,4,0,1,1,0,0,0,0,1,0,0,0,0,0,0,0,0,0,0,0,0,0,1,0,0,0,0,0,0,0,0,0,0,0,0,0,0,0,0,0,0,0,0,0,0,0,0,1,0,0,0,0,1,0,0
3068241300096200014,53,8,0,1,0,0,0,0,0,1,0,0,0,2,0,9,0,0,0,12,12,0,2,2,1,0,0,4,0,0,0,1,1,0,0,3,0,1,0,0,5,0,0,0,0,0,8,23,1,0,0,0,1,0,0,0,0,0,2,1,0,0,0,0,1,3,0,0,13,6,0,0,0,0,0,0,0,0,0,0,1,0,0,0,1,2,0,1,0,3,13,0,0,0,0,0,0,0,0,0,13,0,0,0,1,1,0,0,0,0,0,0,0,0,0,0,0,15,42,0,0,1,0,1,4,1,0,0,1,0,0,0,0,0,0,0,0,0,0,0,0,0,0,0,0,0,0,0,1,0,0,0,0,0,0,0,0,1,0,0,1,0,0,0,0,0,1,0,0,0,0,0,0,0,0,0,0,0,0,0
3068241300096200015,22,4,0,0,0,0,0,0,0,1,1,0,0,0,0,3,0,0,0,2,2,0,0,0,0,0,0,3,0,0,0,0,2,0,0,0,0,1,0,0,0,1,0,0,1,0,7,4,0,0,0,0,0,1,0,0,1,0,0,0,1,0,0,0,0,0,0,0,2,3,0,0,0,0,1,0,0,0,0,2,0,0,0,0,0,0,0,0,0,1,3,0,0,0,0,0,0,0,0,1,6,0,1,0,0,0,0,0,0,0,0,0,0,0,0,0,0,6,21,0,0,0,0,0,2,0,0,2,0,0,0,0,0,0,0,0,0,0,0,0,0,0,0,0,0,0,0,0,0,0,0,0,0,0,0,0,0,0,0,0,2,0,0,0,0,0,0,0,0,0,0,0,0,0,0,0,0,0,0,0
3068241300096200016,24,1,0,1,0,0,0,0,0,0,0,0,0,0,0,2,0,0,0,8,2,0,1,0,0,0,0,1,0,0,0,1,0,0,0,0,0,0,0,0,1,0,0,0,1,1,2,3,0,0,0,0,0,0,0,0,1,0,4,2,0,0,0,0,0,0,0,0,3,3,1,0,0,0,0,0,0,0,0,2,0,0,0,0,0,1,0,0,0,0,8,0,0,0,0,1,0,0,0,0,5,0,0,0,0,0,0,1,0,0,0,0,0,0,0,0,0,3,9,0,0,0,0,0,0,5,0,0,0,0,0,0,0,0,0,0,0,0,0,0,0,0,1,0,0,0,0,0,0,0,0,0,0,0,0,0,0,0,0,1,1,0,0,0,0,0,0,0,0,0,0,0,0,0,0,0,0,0,0,0
3068241300096200018,96,9,0,4,0,0,1,0,1,1,1,2,0,3,1,7,1,1,1,20,14,0,4,7,10,0,0,16,1,0,1,3,10,0,1,0,1,0,0,0,4,0,0,0,2,3,14,35,0,0,0,0,0,1,0,0,4,1,9,3,1,0,0,0,1,4,0,0,8,19,0,0,0,0,1,0,1,0,0,9,0,0,1,0,0,0,0,0,1,3,14,0,1,0,4,1,0,0,0,0,32,0,2,0,1,0,0,0,0,1,0,0,0,0,0,0,0,34,98,0,0,0,0,0,7,8,0,0,2,0,0,0,0,0,0,0,0,0,0,0,0,0,0,0,0,0,0,0,0,0,1,0,1,2,0,0,0,0,0,0,0,0,0,0,0,0,0,0,0,0,0,0,0,0,0,0,0,0,0,0
3068241300096200019,38,8,0,3,0,0,0,0,0,0,0,0,0,0,0,7,0,0,0,11,10,0,0,2,6,0,0,6,2,0,0,3,0,1,0,0,0,2,1,0,2,0,0,0,0,0,6,25,0,1,0,1,0,0,0,0,0,0,4,2,1,0,0,0,2,3,0,0,11,9,0,1,0,0,0,0,2,0,0,1,0,0,0,0,0,0,0,0,0,1,18,0,0,0,2,1,0,1,0,0,11,0,0,0,0,0,1,1,0,0,0,0,0,1,0,0,0,13,42,0,0,0,0,0,1,4,1,0,1,0,1,0,1,0,0,0,0,0,0,0,0,0,0,0,0,0,0,0,0,0,0,0,0,1,0,0,0,0,0,1,0,0,0,0,0,0,0,0,0,0,0,1,0,0,0,0,0,0,0,0
3068241300096200024,140,12,0,3,0,0,0,0,0,3,1,0,0,0,0,24,0,0,0,41,22,2,1,8,12,0,0,78,1,0,1,4,8,0,7,1,0,3,0,0,3,5,0,0,6,4,24,37,1,2,0,0,0,0,0,0,0,0,10,9,2,0,0,1,5,5,0,0,10,16,0,1,0,0,0,0,4,1,0,8,1,1,1,0,0,5,0,1,1,5,24,0,0,0,7,1,2,0,0,0,72,0,1,0,0,0,0,2,0,4,0,0,0,1,1,0,1,70,89,0,0,1,0,0,9,9,0,1,2,2,0,0,2,0,0,1,0,0,1,0,0,0,0,1,0,0,0,0,0,0,0,0,0,0,0,0,1,1,2,1,1,0,0,0,0,0,1,0,0,1,0,0,0,3,0,0,0,0,0,0
3068241300096200026,50,4,0,0,0,0,0,0,0,1,0,0,0,0,0,13,0,1,0,9,22,0,2,3,7,0,0,6,2,0,0,1,5,0,0,1,0,0,0,0,3,0,0,0,0,8,13,22,0,0,0,0,1,0,0,0,5,0,0,5,0,0,0,0,2,0,0,0,10,7,0,1,0,0,0,0,1,0,0,4,0,0,0,0,0,1,0,0,0,0,2,0,0,0,1,0,1,0,0,0,22,0,0,0,0,0,0,0,0,1,0,0,0,0,0,0,0,18,32,0,0,0,0,0,3,2,0,0,1,0,0,0,0,0,0,0,0,0,0,0,0,0,0,0,0,0,0,0,0,0,1,0,0,0,0,0,0,0,1,0,0,0,0,1,0,0,0,0,0,0,0,0,0,0,0,0,0,0,0,0
3068241300096200036,38,4,0,1,0,0,1,0,0,2,0,0,0,0,0,8,0,1,0,9,3,0,0,0,6,0,0,12,0,0,0,0,0,0,0,0,0,0,0,0,1,1,0,0,0,1,4,18,0,0,0,0,1,0,0,0,1,0,2,1,0,0,0,0,2,0,0,0,0,6,0,0,0,0,1,0,1,0,0,3,0,0,1,0,0,1,0,0,0,1,12,1,0,0,1,0,0,0,1,0,11,0,0,0,0,0,0,0,0,0,0,0,0,0,1,0,0,7,32,0,0,0,0,0,1,5,0,0,2,0,0,0,0,1,0,0,0,0,1,0,2,0,0,0,0,0,1,0,0,0,0,0,0,1,0,0,0,0,0,0,0,0,0,0,0,0,0,0,0,0,0,0,0,0,0,0,0,0,0,1
3068241300096300010,19,3,0,1,0,0,0,0,0,0,0,0,0,0,0,1,0,0,0,1,0,1,0,5,0,0,0,3,0,0,0,0,1,0,1,0,0,0,0,0,1,0,0,0,0,1,8,7,0,0,0,0,0,0,0,0,1,0,0,0,0,0,0,0,0,1,0,0,0,5,0,0,0,0,1,0,0,0,0,0,0,0,1,0,0,0,0,0,0,2,0,0,0,0,1,1,0,1,0,0,11,0,0,0,0,0,0,0,0,0,0,0,1,0,0,0,0,3,38,0,0,0,0,0,2,4,0,0,0,0,0,0,0,0,0,0,0,0,0,0,0,0,0,0,0,0,0,0,0,0,0,0,0,0,0,0,0,0,0,0,0,0,0,0,0,0,0,0,1,0,0,0,0,0,0,0,0,0,0,1
3068241300102100019,8,2,0,0,0,0,1,0,0,2,0,0,0,0,0,0,0,0,0,3,1,0,0,0,1,0,0,8,0,0,0,0,2,0,0,0,0,0,0,0,1,0,0,0,0,0,0,8,0,0,0,0,0,0,0,0,1,0,0,0,0,0,0,0,0,0,0,0,0,1,0,0,0,0,0,0,0,0,0,0,0,0,0,0,0,0,0,0,0,0,13,0,0,0,0,0,0,0,0,0,5,0,0,0,0,0,0,0,0,0,0,0,0,1,0,0,0,5,9,0,0,0,0,0,0,2,0,0,0,0,0,0,0,0,0,0,0,0,1,0,0,0,0,0,0,0,0,0,0,0,1,0,0,0,0,0,0,0,0,0,0,0,0,0,0,0,0,0,0,0,0,0,0,1,0,0,0,0,0,0
3068241300102100024,10,0,0,3,0,0,1,0,0,1,0,0,1,0,0,1,0,0,0,20,0,1,2,1,0,1,0,66,0,0,0,1,2,0,2,0,0,1,0,0,1,0,0,0,2,0,6,3,0,0,0,0,0,0,1,0,0,0,0,0,0,0,0,0,2,1,0,0,2,0,0,0,0,0,0,0,2,1,0,3,0,1,1,0,0,1,0,0,0,1,17,0,0,0,2,0,0,0,0,0,57,0,1,0,0,0,0,0,0,0,0,0,0,0,2,0,0,21,1,0,0,0,0,0,2,0,1,0,0,0,0,1,1,0,0,0,0,0,1,0,0,0,0,0,0,0,1,0,0,1,0,0,0,0,0,0,0,0,0,0,0,0,0,0,0,0,0,0,0,0,0,0,0,0,0,0,0,0,0,0
3068241300102100052,21,0,0,2,0,0,1,0,1,1,0,0,0,0,0,4,0,0,0,13,11,0,0,2,3,0,1,37,0,0,0,1,1,0,1,0,0,0,0,0,0,1,0,0,0,0,1,0,0,0,0,0,0,0,0,0,0,0,1,0,0,0,0,0,1,0,0,0,2,0,0,0,0,0,1,0,1,0,0,0,0,0,0,0,0,1,0,0,0,0,20,0,0,0,1,0,0,0,0,0,68,0,2,0,0,0,0,0,0,0,0,0,0,0,0,0,0,12,2,0,0,1,0,0,0,0,0,1,0,0,0,0,0,0,0,1,0,0,0,0,1,0,0,0,0,0,1,0,1,0,0,0,0,0,0,0,1,0,0,0,2,0,0,0,0,0,0,0,0,0,0,0,0,0,0,0,1,0,0,0
3068241300102200094,3,0,0,0,0,0,0,0,0,0,0,0,0,2,0,0,0,0,0,3,4,0,0,0,1,0,0,12,0,0,0,0,0,0,0,0,0,0,1,1,0,0,0,0,0,0,2,0,1,0,0,0,0,0,0,0,0,0,0,0,0,0,0,0,0,1,0,0,1,0,0,0,0,0,1,0,0,0,0,0,0,0,0,0,0,0,0,0,0,0,1,0,0,0,0,0,0,0,0,0,26,0,0,0,0,0,0,0,0,0,0,0,0,0,0,0,0,4,0,0,0,0,0,0,0,0,0,0,0,0,0,0,0,0,0,0,0,0,0,0,0,0,0,0,0,0,0,0,0,0,0,0,0,0,0,0,0,0,0,0,0,0,0,0,0,0,0,0,1,0,0,0,0,0,0,0,0,0,0,0
3068241300102200156,20,0,0,0,0,1,1,0,0,0,0,0,0,1,0,2,0,2,0,5,2,0,1,2,0,1,0,42,0,0,0,1,0,0,1,0,0,0,1,0,2,0,1,0,0,0,3,1,0,0,0,0,0,0,0,0,0,1,3,0,0,0,0,0,2,0,0,0,2,0,0,0,0,0,0,0,1,0,1,5,0,0,0,0,0,0,0,0,0,1,6,0,0,0,1,1,0,0,0,0,40,0,0,0,0,0,0,0,0,0,0,0,0,0,0,0,0,11,2,0,0,0,0,0,1,0,0,0,0,0,0,0,0,0,0,0,0,0,0,0,0,0,0,0,0,0,0,0,1,0,0,0,0,0,0,0,0,0,0,0,0,0,0,1,0,0,0,0,1,0,0,0,0,0,0,0,0,0,1,0
3068241300103100022,16,0,0,0,0,0,0,0,0,0,0,0,0,0,0,0,0,0,0,0,2,0,1,0,1,0,0,0,1,0,0,0,1,0,0,0,0,1,0,0,0,0,0,0,1,1,3,1,0,0,0,0,0,0,0,0,1,0,0,0,0,0,0,0,0,1,0,0,0,8,0,0,0,0,0,0,0,0,0,0,0,0,0,0,0,0,0,0,0,0,1,0,0,0,0,0,0,0,0,0,6,0,0,0,0,0,0,0,0,0,0,0,0,0,0,0,0,2,21,0,0,0,0,0,3,0,0,0,1,0,0,0,0,0,0,0,0,0,0,0,0,0,0,0,0,0,0,0,0,0,0,0,0,0,0,0,0,0,0,0,0,0,0,0,0,0,0,0,0,0,0,0,0,0,0,0,0,0,0,0
3068241300103100029,54,14,0,0,0,1,0,0,0,0,0,0,1,0,0,13,0,4,0,8,5,0,1,0,6,1,0,24,0,0,1,0,1,0,1,0,0,0,0,0,0,0,0,0,0,3,8,14,0,0,0,0,0,0,0,0,1,0,0,0,0,0,0,0,0,0,0,0,0,16,0,0,0,0,2,0,1,0,0,1,0,0,0,0,0,0,1,0,0,0,3,0,0,0,2,2,0,1,0,0,23,0,0,0,1,0,0,0,0,0,0,2,0,0,1,0,0,6,61,0,0,0,0,0,3,8,0,0,1,0,0,0,0,0,0,0,0,0,0,0,1,0,0,0,0,0,1,0,0,0,0,1,0,0,0,0,0,0,0,0,0,0,0,0,0,0,0,1,0,0,0,1,1,1,0,0,0,1,0,0
3068241300103100032,87,30,1,0,0,0,0,0,0,0,0,0,0,0,0,22,0,1,1,19,23,0,2,4,12,1,0,105,0,0,0,2,2,0,2,0,1,1,0,1,0,1,0,0,2,1,18,40,0,0,0,0,0,0,0,0,4,1,0,8,1,1,0,0,1,0,0,1,9,8,1,0,0,0,0,0,1,0,0,3,0,1,0,3,1,1,0,2,1,0,14,0,0,0,2,1,1,0,2,0,64,0,0,0,0,1,0,0,0,0,0,0,0,0,2,0,1,21,85,1,0,0,0,0,7,11,0,0,6,0,0,1,0,0,0,0,0,0,0,0,1,0,0,0,1,0,0,0,0,3,1,0,0,1,0,0,1,1,0,0,2,0,0,0,0,0,0,0,0,0,0,0,0,0,1,0,1,0,1,0
3068241300103100035,18,2,0,0,0,0,0,0,0,0,0,0,0,1,0,2,0,0,0,6,1,0,1,0,1,0,1,23,0,0,0,0,0,0,0,0,0,0,0,0,0,0,0,0,0,0,1,5,0,0,0,0,0,0,0,0,0,0,0,2,0,0,0,0,0,2,0,0,1,0,0,0,0,0,0,0,0,0,0,0,0,0,0,0,0,0,0,0,0,0,3,0,0,0,1,0,0,0,0,0,10,0,0,0,0,0,0,0,0,0,0,0,0,0,0,0,0,6,2,0,0,0,0,0,0,2,0,0,0,1,0,0,0,0,0,0,0,0,0,0,0,0,0,0,0,0,0,0,0,0,0,0,0,0,0,0,0,0,0,0,0,0,0,0,0,0,0,0,0,0,0,0,0,0,0,0,0,0,0,0
3068241300103100039,81,9,0,1,1,4,2,0,0,2,0,0,0,0,1,13,0,1,0,26,29,2,0,2,7,0,0,118,0,0,0,2,6,0,3,0,1,1,4,0,2,0,0,0,0,3,13,26,1,1,0,0,0,0,0,2,2,0,3,7,0,0,0,0,4,1,0,0,11,11,0,3,0,1,0,0,0,0,0,4,1,1,0,1,1,3,0,0,0,0,18,0,0,0,7,1,1,0,0,0,98,0,0,0,3,1,1,0,0,0,0,0,0,2,1,0,0,49,60,0,0,1,0,1,11,5,0,0,3,0,0,0,0,0,0,0,0,0,0,0,1,0,0,0,0,0,2,0,0,1,0,0,0,0,0,0,0,0,1,0,1,0,0,1,0,0,0,0,1,0,0,0,0,0,0,0,0,0,1,1
3068241300103100043,37,1,0,3,0,0,0,0,0,4,0,0,0,0,1,12,0,0,0,21,16,1,4,0,4,0,1,48,1,0,0,2,2,0,2,0,0,4,0,1,3,1,0,0,1,1,8,13,0,0,0,0,0,0,0,0,1,0,7,12,1,1,0,0,2,3,0,0,8,6,0,1,0,0,0,0,4,1,0,5,0,0,0,0,0,1,0,0,0,0,39,0,0,0,11,0,0,0,0,0,32,0,0,0,0,0,0,0,0,1,0,0,1,0,2,0,0,31,17,0,0,0,1,0,3,0,0,0,0,0,0,0,0,0,0,0,0,1,0,0,0,0,0,0,0,0,1,0,0,2,0,0,0,1,0,1,0,0,0,0,0,1,0,0,0,0,0,0,0,0,0,1,1,0,0,1,0,0,0,0
3068241300103100049,58,4,0,0,0,2,0,0,1,1,1,0,1,0,0,17,0,6,0,7,22,1,16,0,3,1,0,28,0,0,6,0,0,0,0,1,0,5,0,0,1,2,0,0,0,1,32,11,0,0,0,0,0,1,0,0,1,0,1,0,0,0,1,0,4,0,0,0,3,2,0,1,0,0,0,0,6,0,0,0,1,1,0,0,0,0,0,1,0,2,5,1,0,0,1,1,0,0,0,0,37,0,0,0,1,0,0,0,0,0,0,0,0,0,1,0,0,20,35,0,1,0,0,0,0,0,0,3,1,0,0,0,0,0,0,0,0,0,0,0,1,0,0,0,0,0,1,0,0,1,2,0,0,0,1,1,0,0,0,0,3,1,0,0,0,0,0,0,0,0,0,0,0,1,0,1,0,0,0,0
3068241300103100051,28,2,0,0,0,0,2,0,0,1,0,0,0,0,0,2,0,0,0,10,5,0,1,0,0,0,0,14,2,0,0,2,1,0,2,0,0,3,0,0,0,0,0,0,0,1,7,37,0,0,0,0,0,0,0,0,0,0,2,9,1,0,0,0,1,0,0,0,6,6,0,0,0,0,0,0,3,0,0,2,0,0,0,0,0,7,0,0,0,0,6,0,1,0,4,1,1,0,0,1,34,0,0,0,0,0,0,0,0,0,0,0,0,0,2,0,0,16,12,0,0,0,0,0,3,2,0,0,2,0,0,0,0,0,0,0,0,0,0,0,0,0,0,0,1,0,1,0,0,0,0,0,0,0,0,0,0,1,0,0,0,0,0,0,0,0,0,0,0,0,0,0,0,0,0,0,0,0,0,0
3068241300103100052,27,1,0,0,0,1,2,0,0,2,6,0,0,6,0,2,0,0,0,11,4,0,5,1,0,1,0,14,0,0,0,3,1,0,1,0,0,2,0,0,2,0,0,0,2,2,1,22,0,0,0,0,0,0,1,0,0,0,2,2,9,1,0,0,4,1,0,0,2,1,0,1,0,0,0,0,5,0,0,0,0,0,0,0,0,3,0,0,3,0,7,7,0,0,3,0,1,1,0,0,17,0,2,0,1,0,0,0,0,0,0,0,0,0,0,0,0,5,9,0,0,0,0,0,1,0,0,0,0,1,0,0,0,0,0,0,0,0,2,0,0,0,0,1,0,0,0,0,1,0,0,0,0,0,0,0,0,0,0,0,0,0,0,0,0,0,0,0,0,1,0,1,0,0,0,0,0,0,0,0
3068241300103200108,44,7,0,1,0,1,0,1,0,4,0,0,0,0,0,15,0,3,1,19,15,1,2,1,7,0,0,24,0,0,1,4,2,0,1,2,1,2,0,2,1,1,0,0,2,1,9,23,0,0,0,0,0,0,0,0,2,0,7,1,0,0,0,0,0,2,0,0,10,7,0,0,0,0,0,0,2,1,1,4,0,0,0,0,0,2,0,0,0,2,45,0,0,1,8,1,2,0,0,0,17,0,0,0,0,0,0,0,0,0,0,0,0,1,1,0,0,22,31,0,0,0,0,0,3,5,0,0,0,0,0,0,0,0,0,0,0,0,0,0,0,0,0,0,0,0,0,0,0,1,0,0,0,0,0,0,0,0,0,0,1,0,0,0,0,0,0,0,0,0,0,0,0,0,0,0,1,0,0,0
3068241300103200123,36,7,0,0,0,2,0,0,1,0,0,0,0,0,0,4,0,0,0,5,2,0,0,5,7,0,0,50,0,0,0,2,1,0,1,0,0,1,0,0,0,0,0,0,0,1,7,13,0,0,0,0,0,0,0,1,3,0,6,4,0,1,0,0,1,1,0,0,4,5,1,0,0,0,0,0,0,0,0,3,0,2,0,1,0,3,0,0,0,1,15,1,0,0,1,0,0,0,1,1,27,0,0,0,0,0,0,0,0,0,0,0,0,0,2,0,0,9,42,0,0,0,0,0,4,3,0,1,2,0,0,0,0,0,0,0,0,0,1,0,0,0,0,1,1,0,0,0,0,1,0,0,0,0,0,0,0,0,0,0,0,0,0,0,0,0,0,0,0,0,0,0,0,0,0,0,0,0,0,0
3068241300103200125,77,18,0,1,0,4,1,0,0,1,1,1,1,0,1,14,0,4,0,11,12,0,3,3,4,1,0,44,0,0,0,0,3,0,0,0,0,4,0,0,2,1,0,0,0,0,53,23,0,0,0,0,0,1,0,0,2,0,3,5,0,0,0,0,3,0,0,0,7,15,0,0,0,1,3,1,0,0,0,0,0,2,0,0,0,2,1,0,1,1,13,0,0,0,2,2,1,0,0,0,39,0,0,0,1,0,0,1,0,0,3,0,0,0,4,0,0,23,81,0,0,0,0,0,8,4,0,0,1,0,0,0,0,0,0,0,0,1,0,0,1,0,0,0,0,0,1,1,0,0,0,0,0,0,0,0,0,0,0,0,0,0,1,0,0,0,0,0,0,0,0,0,0,0,0,1,1,0,0,0
3068241300103200128,39,5,0,0,0,2,1,0,0,0,0,1,0,0,0,3,0,0,0,23,5,0,0,1,5,0,0,57,0,0,0,1,1,0,3,1,0,1,0,0,0,0,0,0,0,0,9,7,0,0,0,0,0,0,0,0,2,0,1,5,0,0,1,0,1,1,0,0,6,5,0,0,0,0,0,0,2,0,0,1,0,0,0,0,0,1,0,0,0,0,16,0,0,0,3,0,0,0,0,0,36,0,0,0,0,0,0,0,0,1,0,0,1,1,0,0,0,22,20,0,1,0,0,1,3,1,0,0,2,0,0,0,0,0,0,0,0,0,1,0,0,0,0,0,0,0,0,0,0,0,0,0,0,0,0,1,0,0,0,0,0,0,0,0,0,0,0,0,0,0,0,1,0,0,0,0,0,0,0,0
3068241300103200133,35,17,1,3,0,0,0,1,0,1,2,0,0,0,1,1,0,1,0,3,2,1,2,4,3,2,0,34,0,0,1,1,0,1,1,0,0,0,0,0,2,2,0,0,0,0,5,43,0,1,0,0,0,0,1,0,1,0,0,0,1,0,0,0,0,0,0,0,1,12,0,0,0,0,1,0,2,0,0,2,0,1,0,0,0,4,0,0,0,1,3,1,0,0,1,2,2,1,0,0,21,0,1,0,1,0,0,1,0,1,4,0,0,0,1,0,0,3,65,0,0,0,0,0,12,2,0,0,3,0,1,0,0,0,0,0,0,0,0,0,0,0,0,0,0,0,0,0,0,0,2,0,0,0,0,1,0,0,0,0,1,0,0,1,0,0,0,0,0,0,0,0,0,0,0,0,0,0,0,0
3068241300103200136,48,8,0,2,0,1,0,0,0,1,1,1,0,0,0,2,0,1,0,18,7,0,5,6,3,0,0,57,1,0,0,1,2,1,10,1,0,6,0,0,3,3,0,0,4,1,9,27,1,0,0,3,0,0,0,0,0,0,3,6,4,0,0,0,4,2,0,0,7,13,0,1,0,0,0,0,2,0,0,4,1,0,0,1,1,5,0,0,1,0,33,0,1,0,8,3,2,0,0,0,53,0,0,0,0,0,0,1,0,0,0,0,0,0,1,2,0,34,53,0,0,0,0,0,10,2,0,0,3,0,0,0,2,0,0,0,0,0,0,1,1,0,0,1,0,0,0,1,0,1,0,0,1,0,1,0,0,0,0,0,1,1,0,1,0,0,0,0,0,0,0,0,0,0,0,0,0,0,0,0
3068241300103200139,36,12,0,2,0,0,0,0,0,0,0,0,0,0,0,1,0,0,0,1,1,1,0,6,6,1,0,28,0,1,0,1,1,0,0,0,0,0,0,0,1,1,0,0,2,0,18,33,0,1,0,0,0,0,1,0,1,0,0,3,1,0,0,0,0,0,0,0,0,18,0,0,0,0,2,0,1,0,0,0,0,0,1,0,0,7,0,1,0,0,1,0,0,0,0,1,0,0,0,0,58,1,0,0,0,2,0,0,0,3,1,0,0,0,0,0,0,1,86,0,0,0,0,2,9,1,0,0,1,1,0,0,0,0,0,0,0,0,0,0,0,0,0,0,0,0,0,0,0,0,0,0,0,1,0,0,1,0,0,0,0,0,0,1,0,0,0,0,0,0,0,0,0,0,1,0,0,0,0,0
3068241300103200143,20,1,0,0,0,0,0,0,0,0,0,0,0,0,0,1,0,1,0,8,8,0,2,0,1,1,0,6,0,0,0,0,1,0,2,0,0,0,1,1,1,0,0,0,0,2,14,15,0,0,0,0,0,0,0,0,1,0,0,0,0,0,0,0,1,0,0,0,3,4,0,0,0,0,0,0,1,0,0,0,0,1,0,0,0,2,0,1,0,1,0,0,0,0,0,1,0,0,0,0,21,0,0,0,0,0,0,0,0,1,0,0,0,1,0,0,0,11,8,0,0,0,0,0,0,1,0,1,1,0,1,0,0,0,0,0,0,0,0,0,0,0,0,0,0,0,1,0,0,1,0,0,0,0,0,1,0,0,0,0,0,0,0,0,0,0,0,0,0,0,0,1,0,0,0,0,0,0,0,0
3068241300103200145,26,0,0,2,0,1,1,0,0,1,0,0,2,0,0,7,0,0,1,13,20,1,1,0,4,0,1,69,1,1,0,0,1,0,1,0,0,3,1,0,0,1,0,0,1,1,9,32,1,0,0,0,0,0,0,0,0,0,0,2,0,0,0,0,0,0,0,0,12,2,0,3,0,0,0,0,2,0,0,0,0,0,0,0,0,1,0,0,0,1,20,0,1,0,0,3,0,0,0,0,71,0,0,0,0,0,1,0,0,0,0,0,0,0,1,0,0,9,21,0,0,0,0,2,1,1,2,0,1,0,0,0,0,0,0,0,0,0,1,0,0,0,1,0,0,0,0,0,1,0,1,0,0,0,1,0,0,1,0,0,2,0,0,1,0,0,0,0,1,0,0,0,0,1,0,0,0,0,0,0
3068241300103200149,14,1,0,0,0,0,2,0,0,0,3,0,0,0,0,0,0,0,1,0,1,0,2,0,0,0,0,12,0,0,0,0,0,0,1,1,0,0,0,0,0,0,0,0,0,0,0,7,0,0,0,0,0,0,0,0,0,0,0,0,2,0,0,0,1,0,1,0,0,0,0,0,0,0,0,0,1,0,0,0,0,0,0,0,0,1,0,0,3,0,0,1,0,0,0,0,0,0,0,0,12,0,0,0,0,0,0,1,0,0,0,0,0,0,0,0,0,1,0,0,0,0,0,0,0,0,0,0,0,0,0,0,0,0,0,0,0,0,0,0,0,0,0,0,0,0,0,0,0,1,0,0,0,0,0,0,0,0,0,0,0,0,0,0,0,0,0,0,0,0,0,0,0,0,0,0,0,0,0,0
3068241300103300046,5,0,0,0,0,0,0,0,0,0,0,0,0,0,0,1,0,0,0,4,3,0,1,0,0,0,0,11,0,0,0,0,0,0,0,0,0,0,0,0,0,0,0,0,0,0,2,3,0,0,0,0,0,0,0,0,0,1,0,2,1,0,0,0,0,0,0,0,0,0,0,0,0,0,0,0,0,0,0,1,0,0,0,0,0,0,0,0,0,0,4,0,0,0,0,0,0,0,0,0,8,0,0,0,0,0,0,0,0,0,0,0,0,0,0,0,0,1,0,0,0,0,0,0,1,0,0,0,0,0,0,0,0,0,0,0,0,0,1,0,0,0,0,0,0,0,0,0,0,0,0,0,0,0,0,0,0,0,0,0,0,0,0,0,0,0,0,0,0,0,0,0,0,0,0,0,0,0,0,0
3068241300104100016,16,5,0,0,0,3,0,0,0,0,0,0,0,0,0,0,0,0,0,0,1,0,1,0,2,0,0,12,0,0,0,0,1,0,3,0,0,0,1,0,1,3,0,0,0,1,8,10,0,5,0,0,0,0,0,0,0,0,1,0,0,0,0,0,0,0,0,0,0,11,0,0,0,0,2,0,0,1,0,1,0,0,0,0,0,2,0,0,0,0,0,0,0,0,0,4,0,0,0,0,19,1,1,0,1,0,0,0,0,0,0,0,0,0,0,0,0,0,29,0,0,0,1,0,1,0,0,0,2,0,0,0,0,0,0,0,0,0,0,0,0,0,0,1,0,0,0,0,1,0,0,0,0,0,0,0,0,0,0,0,0,0,0,0,0,0,0,0,0,0,0,0,0,0,0,0,0,0,0,0
3068241300104100017,76,22,0,4,1,4,1,0,0,1,1,1,2,1,0,0,0,2,0,2,0,0,5,1,5,1,0,43,1,0,0,2,2,0,7,0,1,0,2,0,1,6,0,0,3,1,23,51,0,2,0,0,0,1,0,0,4,0,3,5,2,0,1,0,1,0,0,0,1,42,2,2,0,0,8,0,6,0,0,1,0,14,0,2,0,23,0,1,3,2,3,3,0,0,3,13,3,0,1,0,88,1,0,0,0,0,0,2,0,0,3,0,0,0,2,0,0,5,172,0,0,0,0,0,4,2,1,0,20,0,1,1,0,0,0,0,0,0,1,0,0,0,0,0,1,0,0,0,0,0,0,0,0,0,0,0,0,0,0,0,0,0,0,1,0,0,0,0,0,0,0,0,0,0,0,0,0,0,0,0
3068241300104100018,35,17,0,1,0,3,0,1,0,0,1,0,0,0,1,0,0,1,0,1,1,0,1,0,4,1,0,32,2,0,0,0,1,0,3,0,0,0,0,0,1,2,0,0,0,2,4,20,0,1,0,0,0,1,0,0,4,0,2,1,1,0,0,0,0,0,0,0,0,22,0,0,0,0,3,0,2,1,0,1,0,9,1,4,0,4,0,0,0,0,1,2,1,0,0,4,0,0,0,0,59,0,0,0,0,0,0,0,0,1,0,0,0,1,1,0,0,1,67,0,1,0,0,1,5,0,0,0,7,0,0,0,1,0,1,0,0,0,0,0,1,0,0,0,0,0,1,0,0,2,0,0,0,0,0,0,0,0,0,0,0,0,0,0,0,0,0,0,0,0,0,1,0,0,0,0,0,0,0,0
3068241300104100019,32,3,0,0,0,1,0,0,0,0,0,0,0,0,0,3,0,1,0,1,3,0,3,0,6,1,0,16,0,0,1,0,2,0,0,0,0,1,0,0,1,0,0,0,0,0,3,30,0,3,0,0,0,0,0,0,1,0,0,1,2,0,1,0,0,0,0,1,1,12,0,0,0,0,5,0,1,0,0,1,0,2,0,1,1,2,1,1,0,0,4,3,0,0,1,2,1,0,0,0,21,0,0,0,0,0,0,0,0,0,2,0,0,0,0,1,0,3,22,0,0,1,0,0,4,0,0,0,1,0,1,2,0,0,0,0,0,0,0,1,0,0,0,1,0,0,0,0,0,0,0,0,0,0,0,0,0,0,0,1,1,0,0,0,0,0,0,0,0,0,0,0,0,0,0,0,0,0,0,0
3068241300104100020,146,2,0,4,0,0,3,0,7,4,12,0,3,8,0,40,0,0,0,0,42,0,13,0,18,0,0,97,0,0,3,2,7,0,7,1,1,1,3,2,4,1,0,0,1,3,6,28,1,4,0,1,1,0,2,0,2,1,5,1,13,0,1,0,9,2,0,1,16,6,1,0,0,0,6,2,4,0,0,0,1,2,1,3,11,11,0,6,0,2,20,10,0,0,3,1,2,1,2,0,74,4,5,0,1,1,0,2,2,0,28,0,1,0,0,0,0,7,27,0,0,6,2,1,9,0,1,1,6,1,0,0,0,0,1,0,0,1,0,0,1,0,0,0,0,1,0,0,1,1,0,0,0,0,0,0,0,0,0,0,0,0,0,1,0,0,0,0,0,0,0,1,0,0,0,0,1,0,0,0
3068241300104100021,74,4,0,0,0,1,0,0,0,0,3,0,0,4,0,0,1,1,0,0,1,0,7,2,4,0,0,6,0,0,2,1,1,1,5,1,1,1,0,0,1,8,0,1,0,4,5,19,1,3,0,0,0,0,1,0,2,0,3,5,5,0,2,0,2,0,0,0,0,22,0,0,0,0,1,0,5,0,0,1,0,3,2,0,0,6,1,1,0,0,5,3,0,0,9,1,0,0,0,0,25,1,3,0,3,0,0,1,0,1,1,0,0,1,0,0,0,4,44,0,0,2,3,2,2,1,2,1,8,0,0,0,0,0,0,0,0,0,0,1,0,0,0,1,0,0,1,0,0,1,0,0,0,0,0,0,0,1,0,0,0,1,0,0,0,0,0,0,0,0,0,0,0,0,0,0,0,0,0,1
3068241300104100022,71,3,0,1,0,2,4,0,1,2,2,0,1,2,0,25,0,1,0,0,26,0,12,0,18,0,0,83,0,2,1,0,0,0,4,0,0,0,1,1,3,3,0,1,1,6,7,27,1,3,0,5,0,0,0,0,2,0,0,2,8,0,0,0,8,1,1,2,11,8,0,0,0,0,6,0,5,0,1,2,0,0,1,0,14,6,1,0,2,1,7,5,0,1,2,3,2,0,2,0,51,1,5,1,0,1,0,1,0,1,17,0,2,0,2,0,0,8,23,0,0,1,1,1,8,0,0,1,5,1,0,0,0,0,1,0,0,0,1,0,0,0,0,0,0,0,0,0,0,1,0,0,0,0,0,0,1,0,1,0,0,1,0,0,0,0,0,0,0,0,0,1,0,0,0,0,1,0,1,0
3068241300104100024,63,11,0,1,0,3,0,0,0,0,0,0,2,0,0,5,0,1,0,2,11,0,14,0,13,0,0,22,0,0,1,1,0,0,1,0,0,0,0,0,0,0,0,0,0,0,14,52,0,4,0,2,0,0,0,0,4,0,0,13,2,1,0,0,1,0,0,0,11,5,1,1,0,0,9,0,5,1,1,2,0,1,0,0,0,5,0,0,0,0,1,6,0,0,4,1,2,0,1,0,26,0,0,0,1,0,0,0,0,0,1,0,0,2,2,0,0,12,33,0,0,0,2,1,4,1,0,0,2,0,0,4,0,0,1,1,0,0,0,0,0,0,0,0,0,0,0,0,0,0,0,0,0,0,0,0,0,0,0,0,0,0,0,0,0,0,0,0,0,0,0,0,0,0,0,0,0,0,0,0
3068241300104100025,68,17,0,0,0,2,1,1,1,0,0,0,0,0,0,4,0,0,0,0,9,0,9,0,10,1,0,20,0,0,1,0,5,1,5,0,0,0,1,0,4,5,0,0,2,5,8,62,0,3,1,8,0,0,0,0,5,0,0,10,1,0,1,0,0,1,0,1,2,4,0,2,0,0,9,0,5,0,0,3,0,2,0,0,1,12,0,0,1,2,3,5,0,0,2,0,1,0,0,0,31,1,2,2,0,0,1,0,0,0,0,0,0,0,0,0,1,14,27,0,3,1,3,2,0,0,1,0,5,0,0,26,0,0,0,1,0,0,0,0,0,0,0,0,0,0,1,0,0,0,0,0,0,0,0,0,2,0,0,0,0,1,0,0,0,0,0,0,0,0,0,0,0,0,0,0,0,0,0,1
3068241300104100026,146,11,0,1,0,1,16,0,0,6,34,0,1,20,1,2,0,3,0,0,1,0,15,4,0,1,1,12,1,0,0,1,2,0,9,2,1,2,0,1,5,3,0,0,4,10,3,44,1,1,0,1,0,2,0,0,2,0,11,13,37,0,0,0,15,1,0,0,0,3,0,0,0,0,3,0,11,2,0,0,0,0,6,0,0,7,0,0,16,2,26,23,0,0,10,2,0,1,1,1,15,6,18,2,2,0,0,17,0,2,0,1,0,2,1,0,1,6,21,0,0,1,3,0,8,1,0,0,5,1,0,0,0,0,0,0,0,0,1,1,0,0,0,0,0,0,0,0,0,2,1,0,0,0,0,0,0,0,1,0,0,1,0,0,0,0,0,0,0,0,0,0,0,1,0,0,0,0,0,0
3068241300104100027,86,13,0,2,0,0,9,1,1,1,30,0,1,40,1,0,0,0,0,0,1,0,8,1,2,0,0,11,1,0,1,0,2,0,2,0,0,0,0,2,1,9,0,0,1,6,6,49,0,3,0,1,1,0,2,0,3,0,9,18,23,1,0,0,10,2,0,0,0,10,0,0,0,0,0,0,11,0,0,0,0,0,1,3,0,7,0,0,18,2,34,15,0,0,10,1,0,0,0,0,23,2,15,0,1,0,0,13,0,1,0,0,0,0,2,0,0,10,40,0,0,0,0,0,5,1,0,2,5,1,0,0,0,0,0,0,0,0,0,1,2,0,0,0,0,0,0,0,0,0,0,0,0,1,0,0,0,1,0,0,0,0,0,0,0,0,0,0,1,0,1,0,0,1,0,0,0,0,0,0
3068241300104100028,65,10,0,0,0,0,4,0,2,0,25,1,1,32,0,0,0,0,0,1,1,0,6,0,0,0,0,9,0,0,0,1,0,0,2,1,0,1,0,0,1,4,0,0,6,2,2,29,0,3,0,1,0,0,2,0,2,0,6,20,11,0,0,0,5,0,0,0,0,4,1,1,0,0,1,0,5,0,0,1,0,1,1,1,0,5,0,0,2,1,17,13,0,0,5,1,1,0,0,0,7,3,6,0,1,0,0,14,0,0,0,0,1,0,0,1,0,8,15,0,0,3,2,0,3,2,0,0,1,3,1,0,0,1,0,0,0,0,0,0,0,0,0,0,0,0,0,0,0,0,0,0,0,0,0,0,0,0,0,0,0,0,0,1,0,0,0,0,0,0,0,1,0,0,0,0,0,0,0,0
3068241300104100030,81,1,0,2,0,0,13,0,0,3,19,1,9,0,1,2,0,0,0,1,1,2,8,2,1,0,0,29,1,0,1,1,1,1,28,2,1,1,0,1,4,7,0,2,2,2,5,9,11,4,2,0,0,0,1,0,3,0,18,1,3,0,0,0,27,0,0,0,1,3,0,1,0,0,4,1,36,2,3,0,5,0,9,0,1,7,0,1,0,1,28,20,0,1,3,1,1,0,0,0,25,49,6,1,2,1,0,21,0,0,2,0,1,3,1,0,5,2,5,0,1,2,1,0,10,0,0,0,2,0,0,3,0,0,0,0,1,0,0,2,0,0,0,0,0,0,0,0,1,0,0,0,0,0,0,0,0,2,3,1,0,1,0,1,0,0,0,2,0,0,0,0,0,1,0,0,0,0,0,0
3068241300104100033,45,0,0,1,0,1,6,0,0,3,15,1,10,0,2,3,0,1,0,0,4,0,5,0,2,0,0,8,2,0,3,3,0,0,33,1,1,1,0,0,2,3,1,4,1,6,3,7,4,6,1,2,1,1,1,0,1,0,18,1,1,0,0,0,16,0,0,0,0,2,2,0,0,0,1,6,22,0,2,0,1,1,3,0,0,6,0,0,0,1,18,12,0,0,3,0,0,0,0,1,14,39,3,3,1,0,0,14,1,0,3,0,1,8,0,0,1,1,4,0,0,2,0,2,14,0,0,0,0,0,1,5,1,0,0,0,0,0,0,0,1,0,1,0,0,0,0,0,0,0,0,0,0,0,0,1,0,1,1,1,0,0,0,1,0,0,0,0,0,0,0,0,0,0,0,1,0,0,0,0
3068241300104100034,34,1,0,0,0,1,1,0,0,0,3,0,2,0,0,0,0,0,0,0,0,0,3,0,0,0,0,1,1,1,2,2,0,0,2,0,0,1,0,0,1,27,0,0,0,7,3,2,3,12,0,1,0,0,0,0,2,0,10,1,0,0,0,0,2,0,0,0,0,0,0,0,0,1,0,0,6,0,0,0,0,0,4,1,0,1,0,0,0,1,6,3,0,0,2,0,1,0,0,0,2,8,2,0,0,0,0,2,0,0,0,0,0,1,2,0,0,2,3,0,0,1,2,0,2,0,0,0,6,0,0,0,0,0,1,0,0,0,0,0,0,0,0,0,0,0,0,1,0,0,0,0,1,0,0,0,0,0,0,0,0,0,0,0,0,0,0,0,0,0,0,0,0,0,0,0,0,0,0,0
3068241300104100035,81,1,0,1,1,12,1,1,1,3,7,0,5,1,17,1,2,2,0,1,1,2,10,0,0,0,0,5,1,0,1,2,0,1,24,0,1,4,0,0,1,163,0,0,1,15,5,1,1,96,0,1,0,0,0,2,1,0,7,5,1,0,0,0,4,1,0,0,1,19,6,1,0,2,2,1,53,0,0,1,0,14,1,0,0,0,0,1,3,1,13,10,0,0,3,3,0,0,0,7,5,3,6,0,0,0,0,2,1,0,0,0,0,1,1,2,10,4,9,0,1,6,0,0,8,1,0,0,18,2,0,4,0,0,0,0,0,0,1,1,0,0,0,0,0,0,2,0,0,0,0,1,0,0,0,0,1,1,0,0,0,1,0,1,1,0,0,0,0,0,1,0,0,1,0,0,0,0,1,2
3068241300104100036,48,0,0,1,0,0,1,0,1,0,0,0,0,0,0,0,0,0,0,0,0,0,3,0,0,0,0,5,0,0,0,1,0,2,1,0,0,1,2,0,0,0,0,0,0,2,3,0,0,2,0,0,0,2,0,1,0,0,1,0,0,0,0,0,0,1,0,0,0,0,0,1,0,0,19,0,2,0,0,0,0,0,0,0,0,0,0,0,0,0,1,2,0,0,0,2,0,0,0,0,7,1,1,0,1,0,0,0,0,0,0,0,0,0,0,0,0,0,1,0,0,0,0,0,0,0,0,0,0,1,0,0,0,0,0,0,0,0,0,0,1,0,0,1,0,0,0,0,0,0,0,0,0,0,0,0,0,0,0,0,0,0,0,0,0,0,0,0,0,0,0,0,0,0,0,0,0,0,0,0
3068241300104100042,91,1,0,0,0,0,3,0,0,2,57,0,5,1,1,0,0,1,0,5,1,0,4,0,0,0,0,0,0,0,2,6,1,0,5,0,0,10,0,0,3,6,0,0,3,15,2,6,20,5,0,0,0,0,1,0,3,0,46,0,2,0,0,0,9,0,0,0,0,0,1,2,0,0,0,0,37,1,3,1,2,4,10,0,0,1,0,2,6,0,10,9,0,0,4,0,0,0,0,0,5,50,6,0,1,0,0,1,1,0,0,0,0,0,1,0,0,5,5,0,0,2,1,1,5,1,0,0,3,0,0,3,0,1,0,0,0,0,0,1,0,0,0,0,0,0,1,0,0,0,1,0,0,1,0,1,0,0,0,0,0,0,1,0,0,0,1,0,0,0,0,0,0,0,1,1,0,0,0,0
3068241300104100046,37,0,0,1,0,4,0,0,1,0,2,0,2,0,6,2,0,0,0,0,0,0,2,0,0,1,0,3,0,0,0,3,0,0,16,1,0,0,0,0,0,59,0,0,0,2,2,0,0,62,0,0,0,0,0,0,0,0,1,1,2,0,0,0,1,0,0,0,0,5,1,0,0,0,1,0,22,0,0,0,0,2,0,0,0,0,0,0,0,0,10,2,0,1,1,2,3,0,0,0,2,1,0,0,0,0,0,2,1,0,0,0,1,2,2,0,2,5,0,0,0,0,0,0,3,1,0,0,9,1,0,2,0,0,1,0,0,0,0,1,0,0,0,0,0,0,0,0,0,0,0,0,0,0,0,0,0,0,0,0,0,0,0,1,0,0,0,0,0,0,0,0,0,1,0,0,0,0,0,0
3068241300104100047,13,0,0,0,0,2,0,0,0,3,2,0,1,0,8,0,0,1,0,0,0,0,2,0,0,0,0,2,0,0,0,0,0,0,1,0,0,0,0,0,0,50,0,0,0,2,3,0,0,23,0,0,0,1,0,1,0,0,4,0,0,0,0,0,0,1,0,0,0,3,3,0,0,0,1,0,16,1,0,0,0,0,0,0,0,0,0,0,0,0,2,0,0,0,1,0,0,0,0,2,0,3,0,0,0,0,0,1,0,1,0,0,0,0,0,0,2,0,0,0,1,1,1,0,0,0,0,1,4,0,0,3,0,0,0,0,0,0,0,0,0,0,0,1,0,0,0,0,0,0,0,0,1,0,0,0,0,0,0,0,0,0,0,0,0,0,0,0,0,0,0,0,0,0,0,0,0,0,0,0
3068241300104100048,17,0,0,0,0,0,4,0,0,1,1,0,2,0,0,0,0,0,0,0,0,0,3,0,0,0,0,4,0,1,0,0,0,0,4,1,0,0,0,0,1,3,0,0,0,0,1,1,1,0,0,0,0,0,0,0,1,0,6,1,1,0,0,0,6,0,0,0,0,1,0,0,0,0,0,2,4,0,0,0,4,1,0,0,0,2,0,0,0,0,1,4,0,0,1,1,0,0,0,0,5,4,2,1,0,0,0,6,0,0,0,0,1,0,0,0,3,1,1,0,1,0,0,2,10,0,0,0,0,1,0,1,0,0,0,0,0,0,0,0,0,0,0,0,0,0,0,0,1,0,0,0,0,0,0,0,0,0,0,0,0,1,0,0,0,0,0,0,0,0,0,0,0,0,0,0,0,0,0,0
3068241300104100049,80,0,0,1,0,5,0,2,13,4,7,0,4,0,13,0,1,0,2,2,0,0,9,3,0,7,0,36,1,11,0,8,0,2,20,0,1,10,1,0,1,2,0,0,5,1,8,1,0,3,0,0,0,6,0,2,2,0,6,9,3,0,0,0,14,0,0,7,0,0,0,2,1,0,19,0,13,1,1,0,0,0,0,2,17,2,1,17,3,2,50,6,0,1,4,5,0,2,0,0,32,3,18,9,0,0,0,0,2,0,1,1,25,0,1,0,0,11,4,0,2,2,0,21,18,1,1,0,2,0,26,3,0,0,0,0,1,0,1,1,0,0,0,0,0,1,0,0,0,0,2,1,1,0,0,0,0,1,0,0,0,0,0,0,0,0,0,0,0,0,0,0,0,0,0,0,1,0,0,0
3068241300104100054,192,0,0,2,0,0,1,0,0,7,9,2,4,0,5,0,0,2,0,0,1,1,16,2,0,2,0,3,3,1,0,13,0,0,20,0,0,5,0,0,1,215,0,0,0,32,7,3,2,93,0,1,0,0,1,0,3,0,9,5,5,0,0,1,0,0,0,0,0,12,6,0,0,1,4,2,34,0,1,1,0,18,0,3,0,1,2,0,0,0,12,5,0,0,2,1,0,0,1,0,2,5,1,0,0,1,0,1,2,0,1,1,1,0,4,0,1,2,8,0,0,2,1,0,1,1,1,0,29,0,0,1,0,0,3,0,0,0,0,0,0,0,0,0,1,1,0,0,1,1,0,0,0,0,0,0,0,0,0,2,0,0,0,0,0,0,2,2,0,0,1,1,0,2,0,0,0,0,0,0
3068241300104100055,102,0,0,2,1,2,0,0,0,4,2,0,2,0,6,0,0,0,2,0,0,0,6,2,0,1,0,2,0,0,0,3,0,0,30,0,0,0,1,0,2,139,0,0,2,6,5,0,0,48,0,0,0,0,0,0,1,0,6,2,6,0,0,0,1,1,0,0,0,14,3,1,0,1,4,0,32,0,2,0,2,7,0,0,0,2,0,0,0,1,10,0,0,0,1,2,1,0,0,1,2,1,0,0,1,0,0,0,9,0,0,0,0,2,1,0,3,1,0,0,0,1,0,0,2,0,0,0,18,1,0,0,0,0,1,0,0,0,1,0,1,0,0,0,0,0,0,1,0,0,0,0,1,1,0,0,0,1,0,0,1,0,0,1,0,0,0,0,0,0,0,0,0,0,0,0,1,0,0,2
3068241300104100058,24,0,0,0,0,1,2,1,0,1,0,0,0,0,0,1,0,0,0,1,0,0,8,0,0,0,0,4,0,1,1,5,1,0,21,0,0,1,1,0,0,0,0,0,5,2,13,0,0,2,0,1,1,0,0,0,2,0,0,3,0,0,0,0,0,0,0,0,0,0,1,0,0,0,2,0,3,0,0,0,0,2,0,3,0,3,0,0,0,0,2,1,0,0,2,14,2,0,0,1,4,1,0,0,1,0,0,1,0,0,1,0,0,0,1,1,0,3,1,0,0,0,0,1,7,0,7,1,3,1,0,0,0,0,0,0,0,0,0,0,1,0,0,0,0,0,0,0,0,0,0,0,1,0,0,0,0,0,1,0,0,0,0,1,0,0,0,0,0,0,0,0,0,0,0,0,0,0,1,0
3068241300104100059,214,2,0,1,0,0,1,0,0,9,19,1,3,1,4,0,0,0,0,2,1,0,15,2,0,0,0,3,1,2,0,14,0,0,11,1,1,4,1,0,3,202,0,2,1,23,6,3,8,40,0,0,1,1,0,1,2,1,17,3,6,0,0,0,3,0,0,0,0,13,3,0,0,0,2,0,61,0,2,0,0,5,2,4,1,1,0,0,1,2,5,6,0,0,2,3,2,1,0,1,2,19,2,0,4,0,0,0,0,1,1,1,0,0,0,0,0,3,5,0,0,1,0,2,2,0,0,0,49,2,0,0,0,0,0,0,0,0,0,2,1,1,0,0,0,0,1,2,1,0,0,0,1,0,0,0,0,0,0,0,1,0,0,2,0,0,0,0,0,0,0,0,0,1,0,0,0,0,1,0
3068241300104100061,47,3,0,0,1,3,1,0,1,1,2,0,1,0,7,0,0,0,0,1,0,0,2,0,0,0,0,11,0,5,1,1,0,1,5,0,0,2,0,0,0,12,0,0,2,0,5,0,1,3,0,0,0,7,0,1,0,0,2,4,0,0,0,0,12,0,0,1,1,3,0,1,0,0,2,0,7,0,0,0,1,1,0,1,13,1,0,10,1,1,23,5,0,0,0,2,0,0,0,0,8,2,20,2,0,2,0,0,1,0,4,0,25,0,0,0,0,3,1,0,3,0,0,4,9,0,1,2,3,0,22,3,0,0,0,0,0,0,0,0,0,0,0,0,0,0,0,1,0,0,0,1,0,0,0,1,0,0,0,0,1,1,0,0,0,0,0,0,0,0,0,0,0,1,0,0,0,0,0,0
3068241300104100062,36,0,0,0,0,0,2,0,0,1,15,0,8,0,0,0,0,1,0,0,0,0,6,0,0,0,0,6,0,0,1,3,0,0,11,0,0,4,0,0,2,6,0,1,0,6,1,4,9,0,1,1,0,0,0,0,0,0,6,2,0,0,0,0,7,0,0,0,0,0,0,1,0,0,10,3,15,0,1,0,0,1,7,0,0,1,0,0,0,1,9,8,0,0,2,5,0,0,0,0,10,29,5,0,1,0,0,7,1,1,0,0,1,1,1,0,0,1,1,0,0,1,2,1,0,0,0,0,3,0,0,1,0,0,0,0,0,0,0,0,0,0,0,1,0,0,2,0,0,0,1,1,0,0,0,0,0,0,1,0,0,1,0,0,0,0,0,0,0,0,0,0,0,0,0,0,0,0,0,0
3068241300104100064,61,0,0,0,0,0,1,0,1,0,16,1,13,0,1,0,0,0,0,0,0,0,10,0,0,0,0,12,1,0,0,2,0,0,4,0,0,12,1,0,2,18,0,0,4,10,3,1,15,5,0,2,0,0,1,0,0,0,19,0,1,1,1,0,2,0,0,0,0,2,0,0,0,1,2,0,35,0,3,1,2,3,3,0,0,6,0,0,3,0,6,16,0,1,1,0,1,0,0,0,5,64,2,0,0,0,0,2,2,0,0,1,0,2,1,0,0,1,2,0,1,2,3,0,2,0,0,0,25,3,0,1,0,0,0,0,0,0,0,0,0,0,0,0,0,0,1,0,0,0,0,0,0,0,0,0,0,0,1,0,0,1,0,1,0,0,0,0,0,0,1,0,0,0,0,0,0,0,0,0
3068241300104100067,72,1,0,1,0,1,0,0,0,7,3,0,0,0,7,0,0,0,0,0,0,1,6,1,0,0,0,3,0,0,0,3,1,0,27,1,0,1,2,0,0,126,0,0,2,8,2,0,0,95,0,0,0,3,0,0,2,0,9,0,1,1,0,0,1,0,0,0,0,5,1,0,0,1,0,1,20,1,0,0,1,5,0,2,0,2,0,0,0,1,11,2,0,0,1,8,0,0,0,2,1,0,1,0,3,0,0,0,3,1,0,0,0,0,0,0,0,1,1,0,2,1,0,1,0,0,1,0,4,1,0,1,0,0,0,0,0,0,0,1,0,0,0,0,0,0,2,1,0,0,1,0,0,0,0,0,0,0,0,0,0,0,0,0,0,0,0,0,0,0,0,0,0,0,0,0,0,0,0,2
3068241300104100068,60,0,0,1,0,1,1,0,0,5,12,1,5,0,1,0,0,0,0,0,0,0,5,2,0,0,0,0,0,2,0,3,0,0,14,0,0,3,0,0,0,67,0,0,0,6,2,0,3,6,0,0,0,1,2,0,1,0,10,0,1,0,0,0,2,0,0,0,0,1,0,0,0,0,3,0,25,0,1,0,7,2,1,0,0,0,0,0,1,0,2,4,0,0,1,1,0,0,0,0,0,8,2,0,0,0,0,1,1,1,0,1,1,0,0,0,1,0,0,0,0,1,0,0,1,0,0,0,16,2,0,0,0,0,0,0,0,0,0,0,0,0,0,0,0,0,0,0,0,0,0,1,0,0,1,0,0,0,0,0,1,0,0,0,0,0,0,0,0,0,1,0,0,1,0,1,0,0,1,1
3068241300104100072,44,2,0,1,1,14,2,0,0,2,7,0,2,0,11,0,0,0,1,1,0,2,3,3,0,1,0,5,2,0,1,6,1,0,8,1,0,3,0,0,2,68,0,0,4,7,16,9,1,87,0,0,0,0,0,1,0,0,6,0,1,0,0,0,8,0,0,0,0,14,4,0,0,1,5,0,76,0,2,0,1,10,2,0,1,7,1,1,1,0,30,4,0,0,1,1,1,0,0,1,6,9,4,0,0,0,0,3,1,0,0,0,0,0,0,0,7,7,1,0,2,7,1,0,5,0,1,0,16,1,0,9,0,0,0,0,1,0,0,1,1,0,0,0,0,0,0,0,0,0,0,0,0,0,0,0,0,1,1,0,0,0,0,1,0,0,1,0,0,1,0,0,0,0,0,0,0,0,0,0
3068241300104100074,52,0,0,1,0,1,4,0,0,1,19,0,12,0,1,0,0,0,0,1,0,0,3,0,0,0,0,1,0,3,0,2,0,0,11,0,0,5,0,1,1,27,0,0,1,8,2,5,10,6,0,1,0,0,0,0,2,0,13,1,0,0,0,0,1,0,0,0,0,2,1,2,0,0,1,1,21,0,2,0,2,3,12,2,0,1,0,1,2,0,7,6,0,0,0,3,0,0,0,0,3,23,4,0,0,0,0,4,2,1,0,1,0,3,1,0,1,0,1,0,0,1,0,0,5,0,0,0,5,1,0,1,0,0,0,0,0,0,0,0,0,0,0,0,0,0,0,0,0,0,0,0,0,0,0,0,0,0,0,0,0,0,1,0,0,0,0,0,0,0,0,1,0,1,0,0,0,0,0,0
3068241300104100076,22,0,0,3,0,0,0,0,0,0,1,0,1,0,2,0,0,0,0,0,1,0,5,0,0,1,0,12,0,1,0,19,1,0,76,0,0,1,0,0,0,8,0,0,16,0,12,1,8,5,0,0,0,0,0,0,0,0,2,1,0,0,0,0,0,0,0,0,0,0,0,1,0,0,0,0,4,0,1,0,2,2,0,1,0,2,2,1,0,0,18,1,0,0,5,17,10,0,0,0,10,0,0,0,0,0,0,0,1,0,0,0,1,0,2,0,0,3,1,0,7,0,1,0,4,0,3,0,4,1,0,1,0,0,1,0,0,0,0,0,1,0,0,0,0,0,0,0,0,0,0,1,0,0,0,0,0,0,0,0,0,0,0,0,0,0,0,0,0,0,0,0,0,0,0,0,0,0,0,0
3068241300104100079,36,0,0,0,0,0,6,0,0,0,27,0,2,0,0,1,0,0,0,1,0,0,5,0,0,0,0,12,1,0,0,0,0,0,2,0,0,10,0,0,2,4,0,0,0,11,3,3,3,3,0,0,0,0,0,0,2,0,9,1,0,0,1,0,6,0,2,0,0,1,0,0,1,0,0,1,22,0,2,0,0,0,6,0,0,1,0,0,5,1,10,15,0,1,2,3,0,1,0,0,2,48,1,0,0,0,0,3,0,0,0,0,0,0,1,0,1,2,2,0,0,1,0,2,4,0,0,2,0,1,1,0,0,0,0,0,0,0,0,1,0,0,1,0,0,0,0,0,0,0,0,0,1,0,0,0,0,0,1,0,0,0,1,0,0,0,0,0,0,0,0,0,0,0,0,0,0,0,0,0
3068241300104100081,29,0,0,0,1,0,0,0,0,2,0,0,0,0,7,0,0,0,0,0,0,0,6,0,0,0,0,0,0,0,0,2,1,0,28,0,1,0,0,0,0,81,0,0,0,5,1,0,0,52,0,0,0,1,0,0,0,0,1,0,4,0,0,0,1,0,0,0,0,8,1,0,0,2,0,0,13,2,0,0,1,3,1,1,0,1,1,0,0,0,6,1,0,0,0,1,0,0,1,1,2,0,0,0,1,0,0,0,0,0,0,0,0,1,0,0,1,3,1,0,0,1,0,0,1,0,0,0,12,0,0,0,0,0,0,0,0,0,0,0,0,0,0,0,0,0,0,0,0,0,0,0,0,1,0,0,0,0,0,0,0,0,0,0,0,0,0,0,0,0,0,0,0,0,0,0,0,0,0,0
3068241300104100082,79,0,0,1,1,0,0,0,0,0,10,0,0,1,1,0,0,1,0,0,0,1,9,2,0,0,1,2,0,0,0,11,0,0,28,0,1,0,0,0,1,124,1,0,0,10,7,1,1,42,0,0,0,0,0,0,0,0,10,1,2,0,0,0,0,0,0,0,0,13,1,0,0,1,1,0,31,0,0,1,0,5,0,1,0,1,0,0,0,0,9,3,0,0,0,0,2,0,1,0,2,6,2,0,1,0,0,3,1,0,0,1,3,1,3,0,1,2,0,0,0,1,0,0,2,1,0,0,16,0,0,0,0,0,2,0,0,0,0,0,0,0,0,0,0,0,0,0,0,0,0,0,1,1,0,0,0,0,0,0,0,0,0,0,0,0,0,0,0,0,0,0,0,0,0,0,0,0,1,1
3068241300104100084,12,0,0,0,0,0,0,0,0,0,6,0,2,0,0,1,0,0,1,0,0,0,0,0,0,0,0,1,0,0,0,1,0,0,6,0,0,3,0,0,0,14,0,0,1,6,1,1,6,5,0,0,0,0,0,0,0,0,8,0,0,0,0,0,0,0,0,0,0,2,0,0,0,2,1,0,12,0,0,0,1,1,2,0,0,2,0,0,0,0,5,3,0,0,0,0,0,0,0,0,0,5,1,0,1,0,0,0,0,0,0,0,0,0,0,0,0,1,1,0,0,0,0,0,0,0,0,0,5,0,0,1,0,0,0,0,0,0,0,1,0,0,0,0,0,0,1,1,0,0,0,0,0,0,0,0,0,0,0,0,0,0,0,0,0,0,0,0,0,0,0,0,0,0,0,1,0,0,0,1
3068241300104100088,75,0,0,1,0,1,0,0,0,3,4,1,2,0,1,0,0,1,0,0,1,0,7,0,0,0,0,0,0,0,0,6,0,0,5,0,0,6,0,0,0,104,0,0,1,13,4,1,1,11,0,0,0,3,0,0,1,0,9,0,0,0,0,0,1,0,0,0,0,6,0,0,0,0,1,0,47,1,0,0,1,1,0,1,1,2,0,0,2,0,7,4,0,0,1,1,0,0,2,1,2,10,1,0,2,0,0,0,0,0,2,0,1,0,0,0,0,1,2,0,0,0,0,0,1,0,0,0,28,0,0,1,0,0,0,0,1,0,0,0,0,0,1,0,0,0,0,0,0,0,0,0,0,0,0,0,0,0,0,0,0,0,0,0,0,0,0,0,0,1,0,0,0,1,0,0,0,0,0,0
3068241300104100090,36,0,0,1,0,0,0,0,0,2,1,0,0,0,3,0,0,1,0,0,0,1,1,0,0,0,0,1,0,0,0,4,0,0,1,0,0,2,0,0,1,38,0,0,0,4,1,1,0,16,0,0,0,0,0,0,1,0,1,1,1,0,0,0,1,0,0,0,0,2,0,1,0,0,1,0,12,0,0,0,1,5,0,0,1,0,0,0,0,0,5,1,0,0,0,0,0,0,0,0,0,2,0,0,0,0,0,0,0,0,0,0,1,0,1,0,0,1,0,0,0,0,0,0,1,0,0,0,9,0,0,0,0,0,0,0,0,0,0,0,0,0,0,0,0,0,0,1,0,0,0,0,0,0,0,0,0,0,0,0,0,1,1,0,0,0,0,0,0,0,0,0,0,0,0,0,0,0,0,0
3068241300104100095,15,0,0,0,0,0,1,0,0,0,4,0,1,0,0,0,0,0,1,0,0,0,0,0,0,0,0,1,0,0,0,0,0,0,3,0,0,1,0,0,1,3,0,0,0,1,2,1,1,0,0,0,0,1,1,0,0,0,0,0,0,0,0,0,3,0,0,0,0,0,0,0,0,0,0,0,5,0,0,0,2,1,1,1,0,0,0,0,0,0,1,3,0,0,0,0,1,0,0,0,0,7,1,0,0,0,0,1,0,0,0,0,0,0,0,0,0,2,1,0,0,0,0,0,3,0,0,0,1,0,0,0,0,0,0,0,0,0,0,0,0,0,0,0,1,0,0,0,0,0,0,0,0,0,0,0,0,1,0,0,0,0,0,0,0,0,0,0,0,0,0,0,0,0,0,0,0,0,0,0
3068241300104100098,9,0,0,0,0,0,0,0,0,0,0,0,0,0,0,0,0,0,0,1,0,0,0,0,0,0,0,1,1,0,0,0,0,0,0,0,0,0,0,0,0,4,0,0,0,0,1,0,0,4,0,0,0,0,0,0,0,0,1,0,0,0,0,0,0,0,0,0,0,0,0,0,0,0,0,0,5,0,0,0,0,0,0,0,0,0,0,0,0,0,1,1,0,0,0,0,0,0,0,0,0,5,0,0,0,0,0,0,0,0,0,0,0,0,0,0,0,0,0,0,0,0,0,0,0,0,0,0,1,0,0,0,0,0,0,0,0,0,0,0,0,0,0,0,0,0,0,0,0,0,0,0,0,0,0,0,0,0,0,0,0,0,0,0,0,0,0,0,0,0,0,0,0,0,0,0,0,0,0,0
3068241300104200036,92,1,0,1,0,0,0,0,0,4,0,0,1,0,0,9,2,1,0,30,18,0,4,0,5,1,0,36,0,0,0,0,3,0,3,0,0,1,2,0,8,3,0,0,2,5,21,12,0,0,0,0,2,0,0,0,0,0,9,23,2,0,0,0,0,1,0,0,10,3,1,0,0,0,0,0,12,0,0,9,0,0,0,0,0,7,0,0,0,2,19,0,0,0,7,0,3,0,0,0,41,0,0,0,1,1,0,0,0,0,0,0,0,0,3,2,0,56,40,0,0,1,0,0,4,3,0,0,0,0,1,0,0,0,0,2,0,0,0,0,0,0,0,0,0,0,0,0,1,1,0,0,0,1,0,0,0,0,0,0,3,0,0,0,0,0,2,0,1,0,0,0,1,1,0,0,0,0,0,0
3068241300104200041,51,1,0,0,0,0,0,0,0,0,0,0,0,0,0,5,0,0,0,17,5,1,0,0,1,0,2,30,0,0,0,2,3,0,0,0,0,0,0,0,1,1,0,0,0,1,6,5,0,0,0,0,0,0,0,0,0,0,5,14,1,0,0,0,2,1,0,0,4,3,0,1,0,0,0,0,3,0,0,2,0,0,0,0,0,3,0,0,0,0,7,1,0,0,5,0,0,0,0,0,29,0,0,0,0,0,0,0,0,1,0,0,0,0,0,0,1,22,12,0,0,0,1,0,1,0,0,1,1,0,0,0,0,0,0,0,0,0,0,0,0,0,0,0,0,0,0,0,0,0,0,0,0,0,0,0,0,0,0,0,0,0,0,0,0,0,1,0,0,0,0,0,0,1,0,0,0,0,0,0
3068241300104200054,31,10,0,0,0,1,0,0,0,0,0,0,0,0,0,1,0,0,0,0,1,0,1,0,3,0,0,13,0,0,0,0,0,0,2,0,0,0,0,0,0,2,0,0,0,1,4,16,0,0,0,1,0,0,0,0,0,0,0,1,1,0,0,0,0,0,0,0,0,6,0,0,0,0,1,1,0,0,0,0,0,4,0,0,0,9,0,0,0,2,2,0,0,0,2,0,0,0,0,0,38,0,1,0,0,0,0,1,0,0,0,0,2,0,0,0,0,1,41,0,0,0,0,0,5,3,0,0,0,0,0,0,0,0,0,0,0,0,0,0,0,0,0,0,0,0,0,0,0,0,0,0,0,0,0,0,0,1,0,0,0,0,0,1,0,0,0,0,0,0,0,0,0,0,0,0,0,0,0,0
3068241300104200068,160,0,0,4,0,0,0,1,3,3,1,0,1,0,1,2,0,0,1,1,11,1,6,0,4,0,1,33,0,1,0,0,3,10,4,0,1,0,2,0,3,4,0,1,1,3,9,2,0,1,0,1,0,0,0,2,0,0,6,2,1,0,0,0,2,1,0,0,3,0,0,1,0,0,140,0,2,0,1,1,0,0,1,0,0,0,0,5,0,0,6,6,0,0,4,3,1,0,3,0,29,5,1,0,3,0,0,5,0,0,9,0,1,0,0,0,0,5,6,0,0,1,0,0,3,0,3,1,1,2,3,0,0,0,1,0,0,0,1,0,0,0,0,0,0,0,0,1,0,0,1,0,0,0,0,0,1,0,0,0,0,2,0,0,0,0,0,0,0,0,0,0,0,0,1,0,0,1,0,0
3068241300104200070,81,1,0,1,1,0,0,0,2,0,1,0,1,0,0,0,0,1,0,1,0,0,2,0,0,0,0,1,0,0,0,1,1,4,0,0,0,0,1,0,0,0,0,0,0,3,8,2,1,1,0,0,0,0,0,0,0,0,0,0,0,0,0,0,0,0,0,0,1,2,0,0,0,0,67,0,2,0,0,0,0,0,0,0,0,0,0,3,0,0,3,0,0,0,0,1,0,0,0,0,7,0,1,0,0,0,0,1,0,0,0,0,3,0,0,0,0,2,1,0,0,0,0,0,0,0,0,1,4,2,2,0,0,0,0,0,0,0,0,0,1,0,0,0,0,0,0,0,0,0,0,0,0,0,0,0,0,1,0,0,0,0,0,0,0,0,1,0,0,0,0,0,0,0,0,0,0,0,0,0
3068241300104200074,130,0,0,7,0,0,1,0,6,5,1,1,1,0,0,1,0,3,0,0,1,1,5,7,1,0,0,12,0,1,8,0,2,2,2,1,0,3,0,0,2,2,0,0,0,5,8,3,0,2,0,0,0,0,0,2,1,0,4,1,0,0,0,0,2,0,0,0,1,2,3,1,1,0,62,0,10,0,0,0,0,1,0,1,0,0,0,6,2,3,7,4,1,1,1,1,0,2,1,0,29,2,5,0,4,0,0,4,0,0,0,0,4,0,0,0,0,3,1,0,1,0,0,0,0,0,0,0,1,0,2,2,0,0,0,0,0,0,0,0,0,0,0,0,0,1,0,0,0,0,0,0,1,0,0,0,0,0,0,0,0,0,1,0,0,0,0,0,1,0,0,0,0,0,0,0,0,0,0,0
3068241300104200077,6,0,0,1,0,2,0,0,0,0,1,0,1,0,2,0,0,0,0,0,0,0,2,0,0,0,0,2,0,0,0,0,0,0,3,0,0,0,0,0,0,10,0,0,1,2,1,1,1,18,0,0,0,0,0,0,0,0,3,0,0,0,0,0,3,0,0,0,0,5,2,0,0,0,0,0,9,0,2,1,0,0,0,0,0,2,0,0,0,0,5,2,0,0,0,0,0,0,1,0,1,1,1,0,0,0,0,1,0,0,0,0,0,0,0,0,0,0,0,0,0,2,0,0,3,0,0,1,1,0,0,2,0,0,0,0,0,0,0,0,0,0,0,0,0,0,0,0,0,0,0,0,0,0,0,0,0,0,0,0,0,0,0,0,0,0,0,0,0,0,0,0,0,0,0,0,0,0,0,0
3068241300104200080,15,2,0,8,0,0,0,0,4,0,2,0,0,0,1,0,0,0,0,0,0,0,0,2,0,0,0,0,0,0,0,0,0,1,1,0,1,0,0,0,0,1,0,0,0,1,3,0,0,0,0,0,0,0,0,0,0,0,0,0,0,0,0,0,0,0,0,0,0,0,0,0,0,0,26,0,3,0,0,0,0,0,0,0,0,0,0,1,0,1,1,0,0,0,0,2,0,0,0,0,1,0,1,0,0,0,0,0,0,0,0,0,0,0,0,0,0,0,2,0,0,0,0,0,0,0,0,0,1,1,7,0,0,0,0,0,0,0,0,1,0,0,0,0,0,0,0,0,1,0,0,0,0,0,0,1,0,0,0,0,0,1,0,0,0,0,0,0,0,0,1,0,0,0,0,0,0,0,0,1
3068241300104200081,68,0,0,0,0,0,4,0,0,0,1,0,1,0,1,0,2,0,0,1,0,0,13,0,0,1,0,42,0,0,0,9,0,1,37,0,0,6,0,0,1,6,0,0,8,4,6,7,2,1,0,3,0,0,1,0,1,0,3,13,0,0,0,0,5,0,0,0,0,1,0,1,0,0,35,0,9,0,2,1,0,1,0,1,0,12,0,0,2,0,5,17,0,1,6,11,0,0,0,0,24,6,4,5,1,0,0,2,0,0,0,0,1,1,0,1,0,3,1,0,4,1,1,0,14,0,0,0,3,1,1,2,0,1,0,0,0,0,0,0,0,0,0,0,0,0,0,0,0,0,1,0,0,0,0,0,0,1,0,0,0,0,0,0,0,0,0,0,0,0,1,1,0,0,0,0,0,0,0,0
3068241300104200088,83,0,0,3,0,0,1,0,6,1,3,2,1,0,1,0,0,0,0,0,0,0,3,2,0,0,0,3,0,1,1,0,0,0,2,0,0,0,0,0,0,2,0,1,1,2,4,1,1,1,0,1,0,1,1,0,0,0,5,0,2,0,0,0,2,0,0,0,0,0,0,0,0,0,70,0,7,0,0,0,2,1,0,0,0,2,0,6,0,0,2,4,0,0,4,0,0,1,0,0,9,6,6,0,1,0,0,1,0,1,0,0,4,0,0,0,0,1,3,0,0,0,0,0,1,0,0,0,2,6,8,1,0,0,0,0,0,0,0,0,0,0,0,0,0,0,0,0,0,0,0,0,0,0,0,0,0,0,1,0,0,0,0,0,0,0,0,0,0,0,0,0,0,0,0,0,0,0,0,0
3068241300104200089,55,1,0,2,0,3,3,0,0,1,4,0,3,0,4,0,1,1,1,0,0,1,7,0,0,0,0,1,1,1,3,7,0,0,23,0,0,0,0,0,0,115,1,1,0,9,2,2,0,62,0,0,0,0,0,0,2,0,1,3,0,0,0,0,0,0,0,0,0,6,3,0,0,1,3,0,24,0,0,0,1,14,0,1,0,1,0,1,0,0,11,2,0,0,1,3,0,0,0,5,2,1,3,0,0,1,0,1,1,0,0,0,0,0,1,0,1,2,2,0,0,2,0,0,1,1,0,0,9,1,0,1,0,0,0,0,0,1,0,0,0,0,0,0,0,0,0,0,0,0,0,0,0,0,0,0,0,2,0,0,0,0,0,0,0,0,0,0,0,0,0,0,0,1,0,0,0,0,0,0
3068241300104200094,7,0,0,0,0,0,1,0,0,0,0,0,0,0,1,1,0,0,0,0,0,0,0,0,0,0,0,3,0,0,0,0,1,0,6,0,0,0,0,0,0,1,0,0,0,0,1,1,0,0,0,1,0,0,0,0,0,0,0,0,0,0,0,0,0,0,0,0,0,0,0,0,0,0,3,0,0,0,0,0,0,0,0,0,0,0,0,0,0,0,1,2,0,0,0,3,2,0,0,0,1,0,1,0,0,0,0,0,0,0,0,0,0,0,0,0,0,2,0,0,0,0,0,1,2,0,1,0,0,0,1,0,0,0,0,0,0,0,0,0,0,0,0,0,0,0,0,0,0,0,0,0,0,0,0,0,0,1,0,0,0,0,0,0,0,0,0,0,0,0,0,0,0,0,0,0,0,0,0,0
3068241300104200099,31,0,0,0,0,0,2,0,0,1,8,0,8,0,0,0,0,0,0,0,0,0,2,1,0,0,0,5,0,3,2,2,0,0,6,0,0,3,0,0,4,9,0,0,3,1,0,4,2,3,0,1,0,0,0,0,0,0,7,0,1,0,0,0,5,0,0,0,0,2,0,0,0,0,7,2,15,0,0,1,3,1,0,1,0,1,0,1,0,0,4,4,0,0,1,0,0,1,0,0,3,23,5,2,0,0,0,2,0,0,0,0,1,0,1,0,0,1,0,0,0,0,3,2,1,1,0,0,1,0,0,2,0,0,0,0,0,0,0,1,0,0,1,0,0,1,0,0,0,0,0,0,0,0,0,0,0,0,1,0,1,0,0,0,0,0,0,0,0,0,0,0,0,0,0,0,0,0,0,0
3068241300104200107,8,0,0,0,0,1,0,0,0,1,0,0,0,0,3,0,0,0,0,0,0,0,1,0,1,0,0,3,2,0,0,1,0,0,4,0,0,0,0,0,0,11,0,0,0,0,2,2,0,12,1,0,0,0,0,0,1,0,3,0,0,0,0,0,1,0,0,0,0,4,0,0,0,0,0,0,7,0,0,0,0,0,0,0,0,0,0,0,0,0,11,0,0,0,2,0,0,0,0,0,0,1,0,0,0,0,0,0,0,0,0,0,0,0,0,0,0,1,1,0,0,0,0,0,1,0,0,0,3,0,0,0,0,0,0,0,0,0,0,0,0,0,0,0,0,0,0,0,1,0,0,0,0,0,0,0,0,0,0,0,0,0,0,0,0,0,0,0,0,0,0,0,0,0,0,0,0,0,0,0
3068241300104200108,20,0,0,0,0,1,0,0,0,1,2,0,2,0,5,0,0,0,0,1,0,0,1,1,0,0,0,5,0,1,0,1,0,0,14,0,0,1,0,0,0,17,0,0,2,0,8,1,1,10,0,1,0,0,0,0,1,0,0,1,0,0,1,1,3,0,0,1,0,3,0,0,0,0,1,0,9,0,0,0,0,3,0,0,0,1,0,0,0,0,8,0,0,0,4,13,2,0,0,0,8,0,0,0,0,0,0,1,0,0,1,0,0,0,0,0,1,2,0,0,3,1,1,2,4,0,2,0,5,0,0,1,0,0,0,0,0,0,0,0,0,0,0,0,0,0,0,0,0,0,0,0,0,0,0,0,0,0,0,0,0,0,0,0,0,0,0,0,0,0,0,0,0,0,0,1,0,0,0,1
3068241300104200115,53,0,0,4,0,0,1,0,0,7,2,0,0,0,0,1,1,3,0,3,0,1,8,0,0,1,0,10,0,0,0,26,2,0,146,0,1,0,1,0,0,6,1,0,25,4,23,1,1,3,0,3,0,0,0,0,1,0,3,1,3,0,0,1,0,0,0,0,1,1,3,0,0,0,0,0,9,0,0,0,3,11,1,1,0,6,1,0,0,0,26,3,1,0,13,50,15,0,0,0,2,0,1,0,2,0,0,0,0,1,1,0,1,0,0,0,1,1,3,1,6,1,6,0,19,0,1,0,2,1,1,4,0,0,1,0,0,0,0,0,0,1,0,2,0,0,1,1,0,0,1,0,0,0,0,0,0,0,1,0,0,0,0,1,0,0,0,1,1,0,0,0,0,0,0,0,0,0,0,0
3068241300104200118,80,1,0,1,0,0,0,0,0,0,12,0,5,0,1,0,1,0,0,2,0,0,4,0,0,0,0,0,1,0,0,8,1,0,3,0,0,7,0,0,1,61,0,0,0,13,4,0,4,20,0,1,0,0,0,0,0,0,20,1,2,0,0,0,1,0,0,0,1,4,0,0,0,0,2,3,41,0,1,0,4,10,2,1,1,0,0,0,1,0,8,5,1,0,1,0,0,0,0,1,0,19,1,0,0,0,0,0,2,0,0,1,1,0,0,0,0,3,3,0,0,1,0,0,0,0,0,0,35,0,0,1,0,0,0,0,0,0,0,0,0,0,0,0,1,0,0,0,1,0,0,1,0,0,1,0,0,0,0,0,0,0,0,0,0,0,0,0,0,0,0,0,0,1,0,0,0,0,1,0
3068241300104200121,31,2,0,2,1,14,1,1,0,1,3,0,1,0,23,1,0,0,0,1,0,1,6,0,1,0,0,2,1,1,0,0,1,0,13,0,0,3,2,1,4,111,0,0,0,0,5,1,2,95,0,1,0,0,0,5,0,0,6,1,2,0,0,0,2,0,0,0,0,7,5,0,0,2,0,2,59,0,0,0,1,11,0,2,2,2,0,0,0,0,28,4,0,1,3,5,2,0,0,2,9,2,0,0,0,1,0,1,0,0,1,0,3,0,0,0,5,7,2,0,1,17,0,0,4,0,0,0,20,0,1,13,0,0,0,0,0,0,0,0,0,0,0,0,0,0,1,0,0,1,0,0,0,0,0,0,0,0,1,0,0,0,0,0,0,0,0,0,0,0,0,0,0,0,0,0,1,0,1,0
3068241300104200123,27,0,0,0,0,0,0,1,0,0,14,0,7,0,0,0,0,0,0,0,1,0,1,0,0,0,0,4,0,2,0,3,1,0,8,0,1,1,0,0,3,28,0,0,1,2,3,1,2,4,0,0,0,0,0,1,0,0,9,0,0,0,0,0,8,0,0,0,0,1,0,0,0,0,1,0,19,0,1,0,1,2,1,0,0,1,0,0,1,0,5,3,0,0,1,0,0,0,0,0,3,12,4,1,2,0,0,1,0,1,0,0,1,0,0,0,0,0,0,0,0,0,1,1,4,1,0,0,15,1,0,1,0,0,0,0,0,0,0,0,0,0,0,0,0,0,0,0,0,0,0,0,0,0,0,0,0,0,0,0,0,0,0,0,0,0,0,1,0,0,0,0,1,0,0,0,0,0,0,1
3068241300104200124,19,0,0,0,0,1,0,0,0,3,0,0,0,0,0,0,0,0,0,2,0,0,10,1,0,0,0,8,1,0,0,7,0,0,63,0,1,0,0,1,0,7,0,0,15,4,15,0,1,6,0,0,0,0,0,0,0,0,0,2,0,0,0,0,0,0,0,0,0,1,0,0,0,0,1,0,7,0,0,0,0,9,0,0,0,2,0,0,0,0,23,0,0,0,2,29,9,0,1,0,4,0,3,0,1,0,0,0,0,0,0,0,2,0,2,0,0,1,3,0,4,0,0,0,3,0,1,0,0,0,0,0,0,0,0,0,0,0,0,0,1,0,0,0,0,0,0,1,0,0,0,0,0,0,0,0,0,0,0,0,0,0,0,1,0,0,1,0,0,0,0,0,0,0,0,0,0,0,0,0
3068241300104200126,20,0,0,0,0,0,1,0,0,0,10,0,4,0,0,0,0,0,0,0,1,0,1,0,0,0,0,5,0,0,0,6,1,0,8,1,0,0,0,0,0,0,0,0,3,1,0,2,6,5,0,0,0,0,0,0,1,0,7,0,1,0,0,0,2,0,0,0,0,0,1,0,0,0,0,1,19,0,0,0,0,0,6,2,0,3,0,0,0,0,8,2,0,0,2,2,0,0,0,0,4,5,5,0,1,0,0,0,1,0,1,0,0,0,2,0,0,0,1,0,1,0,0,1,0,0,0,0,2,0,0,3,0,0,0,0,0,0,0,0,1,0,0,0,0,0,0,0,0,0,0,0,0,0,0,0,0,0,1,0,0,0,0,0,0,0,0,0,0,0,0,0,0,0,0,0,2,0,0,0
3068241300104200128,19,0,0,0,0,1,0,0,0,1,2,0,0,0,2,0,0,0,0,0,0,1,3,0,0,0,0,5,0,1,0,2,0,0,8,0,0,1,0,0,0,39,0,0,1,1,4,0,0,34,0,0,0,0,0,0,0,0,1,1,3,0,0,0,0,0,0,0,0,4,2,1,0,0,0,0,12,0,0,0,0,1,0,0,0,0,0,0,0,1,4,0,0,0,2,2,2,0,0,0,3,0,1,0,0,0,0,0,1,0,0,0,0,0,0,0,0,2,0,0,1,0,0,0,1,0,0,0,6,0,0,1,0,0,0,0,0,0,0,0,1,0,0,0,0,0,1,0,0,0,0,0,0,0,0,0,0,0,0,0,0,0,0,0,0,0,0,0,0,0,0,0,0,0,0,0,0,0,0,0
3068241300105100011,18,1,0,1,0,0,1,0,0,0,0,0,0,0,0,2,0,1,0,9,5,0,1,0,5,0,0,7,0,0,0,0,0,0,2,0,0,0,0,0,3,0,0,0,0,0,2,3,0,0,0,0,1,1,0,0,0,0,0,0,1,0,0,0,0,0,0,0,4,5,0,0,0,1,0,0,1,0,0,1,0,0,1,1,0,0,0,0,0,0,2,0,0,0,0,0,0,0,0,0,7,0,0,0,0,0,0,0,0,0,0,0,0,0,0,0,0,6,16,0,0,0,0,0,2,1,0,0,0,0,0,0,0,0,0,0,0,0,0,0,0,0,0,0,0,0,0,0,0,0,0,0,0,0,0,0,0,0,0,0,1,0,0,0,0,0,0,0,0,0,0,0,0,0,0,0,0,0,0,0
3068241300105100017,78,7,0,0,0,0,0,0,1,2,0,0,0,0,0,26,1,1,0,19,26,1,2,4,11,0,0,15,0,0,0,2,4,0,3,0,0,2,0,1,8,2,0,0,3,0,15,34,0,0,0,0,1,0,0,0,0,0,7,3,1,0,1,0,3,0,0,0,16,12,1,0,0,0,0,0,0,0,1,3,0,0,0,1,0,1,0,0,0,1,8,1,0,0,5,0,1,1,0,0,28,0,0,0,1,1,0,0,0,0,0,0,0,0,1,0,0,30,87,0,0,0,0,0,4,5,0,0,2,0,0,0,0,0,0,0,0,0,0,0,0,0,0,0,0,0,2,0,0,0,1,0,0,0,0,0,0,0,0,0,0,0,0,0,0,0,0,0,0,0,0,0,0,0,0,0,0,0,0,0
3068241300105100029,104,22,0,1,0,0,1,0,0,0,0,1,0,0,0,6,0,0,0,12,5,0,1,4,3,0,0,21,0,0,0,1,5,0,0,0,0,2,0,0,7,3,0,0,0,2,17,30,0,2,0,0,1,0,0,0,1,0,2,11,0,0,0,0,0,1,0,0,7,17,0,0,0,0,0,0,0,0,0,3,0,0,1,0,0,0,0,0,0,0,6,0,0,0,2,2,1,0,1,0,45,1,0,0,0,1,0,3,0,0,0,0,0,0,3,0,0,32,103,0,0,2,1,0,9,8,0,1,2,0,0,0,0,0,0,0,0,0,1,0,1,0,0,0,0,0,0,0,0,0,2,1,0,0,0,0,0,0,0,0,1,0,0,0,0,0,0,0,0,0,0,1,0,0,1,0,0,1,1,0
3068241300105100030,88,5,0,5,0,2,0,0,0,3,0,0,1,0,0,25,0,2,0,14,23,0,3,3,5,0,0,9,0,0,0,2,3,0,1,0,0,3,0,1,0,1,0,0,1,8,23,31,0,0,0,0,0,0,1,0,0,0,0,0,2,1,0,0,0,0,0,0,14,9,0,0,0,0,0,1,1,0,2,1,0,1,0,0,0,1,0,0,0,2,9,0,0,0,4,2,1,0,0,0,27,0,0,0,0,0,0,0,0,0,0,0,0,0,1,0,0,22,64,0,0,2,0,0,9,5,0,0,3,0,0,0,0,0,0,0,0,0,0,0,0,0,0,0,0,0,1,0,0,0,0,0,0,0,0,0,0,0,0,0,0,0,0,0,0,0,0,0,0,0,0,0,0,1,1,0,0,0,0,0
3068241300105100034,115,3,1,2,1,0,1,0,1,3,0,0,0,0,0,10,0,0,0,44,20,0,3,3,6,0,0,21,0,0,1,3,10,1,6,0,1,4,0,0,6,1,0,0,2,5,23,36,0,1,0,1,2,1,0,0,1,1,15,9,1,0,0,0,5,7,1,0,7,4,0,0,0,0,1,0,5,0,0,8,0,0,3,0,0,2,0,0,0,5,21,0,0,0,6,0,4,0,0,1,20,0,0,0,1,0,1,5,0,2,1,0,0,0,2,0,0,69,52,0,0,0,1,0,5,8,0,0,1,0,0,0,0,0,0,0,0,0,0,1,0,0,0,1,0,0,0,0,0,1,0,0,0,0,0,0,0,0,1,1,1,0,0,0,0,0,1,0,0,0,0,0,0,0,0,0,0,1,0,0
3068241300105200026,18,2,0,0,0,0,2,0,0,0,0,0,0,0,0,4,0,0,0,8,3,0,1,2,2,0,0,1,0,0,0,0,1,0,1,0,0,0,0,0,0,1,0,0,0,0,2,1,0,0,0,0,0,0,0,0,0,1,0,3,1,0,0,0,0,0,0,0,2,3,0,0,0,0,0,0,0,0,0,0,0,0,0,0,0,0,0,0,0,0,2,0,1,0,0,0,0,0,1,0,6,0,0,0,0,0,0,0,0,0,0,0,0,0,1,0,0,5,18,0,0,0,0,0,3,1,0,0,0,0,0,0,1,0,0,0,0,0,0,0,0,0,0,0,0,0,0,0,0,0,0,0,0,0,0,0,0,0,0,0,0,0,0,1,0,0,0,0,0,0,0,0,0,0,0,0,0,0,0,0
3068241300105200037,97,9,0,0,1,0,1,0,0,2,0,0,0,1,0,3,0,1,0,25,13,1,2,4,5,0,0,33,0,0,0,7,6,0,19,0,0,2,0,0,3,0,0,0,3,1,12,31,0,0,0,0,0,0,0,0,4,0,13,3,3,0,0,0,2,4,0,0,14,10,0,0,0,0,0,0,7,0,0,6,0,0,0,0,0,1,0,1,0,3,29,0,1,0,6,0,3,0,0,1,33,0,0,0,0,1,0,0,0,0,0,0,0,0,3,0,0,48,77,0,0,0,1,0,8,4,0,1,1,0,0,0,0,0,0,0,0,0,0,1,1,0,0,1,0,0,0,0,0,0,1,0,0,0,0,0,0,0,0,0,2,1,0,0,0,0,0,0,0,0,0,0,0,0,1,0,0,0,0,0
3068241300105200058,81,13,0,2,0,2,3,0,0,2,0,1,0,0,1,6,0,1,0,35,13,0,4,3,9,0,0,17,0,1,0,3,10,0,8,2,1,2,0,0,5,2,0,0,4,5,15,49,1,0,0,0,2,0,0,1,1,0,27,6,2,0,0,0,2,3,0,0,14,9,0,3,1,0,1,0,4,0,0,9,0,0,0,0,0,2,0,0,0,4,26,0,0,0,7,1,0,0,0,1,27,0,1,0,0,0,0,3,0,1,0,1,0,0,5,0,0,37,70,0,0,0,2,1,13,4,0,0,1,0,0,0,0,1,0,1,1,0,1,1,1,0,0,0,0,0,0,0,0,1,1,0,0,0,0,0,1,0,0,0,0,0,0,0,0,1,1,0,0,0,0,0,0,0,0,0,0,0,0,0
3068241300105300005,142,19,0,8,0,1,0,0,0,0,1,0,0,1,0,21,1,1,0,31,31,0,4,10,13,1,0,17,0,1,1,5,6,0,5,0,0,5,1,0,6,5,0,0,3,10,24,48,0,0,0,1,1,0,0,0,5,1,19,8,3,0,0,0,4,6,0,0,16,23,0,0,0,0,2,2,6,0,0,15,0,1,0,0,0,4,0,0,1,6,15,1,0,0,11,4,1,0,2,2,28,0,2,0,0,0,0,1,0,1,0,0,0,1,1,0,0,50,94,0,0,0,0,0,9,5,0,1,9,0,0,0,1,0,0,0,0,0,1,0,1,0,0,1,0,1,0,0,0,1,1,0,0,1,0,0,0,0,1,0,0,0,0,0,0,0,0,1,0,0,0,0,0,2,0,0,0,0,0,0
3068241300105300012,138,32,0,4,0,2,0,0,1,1,0,1,0,0,0,6,0,0,0,19,13,0,1,13,18,0,0,36,2,0,0,2,4,0,0,0,0,1,0,0,6,3,0,0,1,2,23,75,0,0,1,0,1,0,0,0,1,0,7,7,3,0,0,0,0,1,0,0,9,26,1,3,0,0,0,0,3,1,0,3,0,1,0,0,1,2,0,0,0,1,10,0,0,0,3,0,2,0,1,0,44,1,1,0,0,0,0,0,0,0,1,0,3,0,1,0,0,48,96,0,0,0,0,1,13,8,0,1,15,1,4,0,2,0,0,0,0,0,2,1,1,0,1,1,0,0,0,0,0,1,0,1,0,0,0,0,0,1,0,0,2,1,0,2,0,0,0,0,0,0,0,0,0,0,0,0,0,0,0,0
